num-keys,overlap,overlap-pct,latency-ms
1,1,100,30.25
1,1,100,26.03
1,1,100,33.02
1,1,100,36.49
1,1,100,30.86
1,1,100,34.00
1,1,100,31.90
1,1,100,29.87
1,1,100,34.70
1,1,100,32.01
1,1,100,33.03
1,1,100,115.90
1,1,100,34.08
1,1,100,28.00
1,1,100,33.49
1,1,100,34.75
1,1,100,32.78
1,1,100,34.43
1,1,100,756.43
1,1,100,35.23
1,1,100,95.45
1,1,100,35.87
1,1,100,44.14
1,1,100,32.49
1,1,100,32.31
1,1,100,33.90
1,1,100,1158.26
1,1,100,29.00
1,1,100,40.76
1,1,100,33.38
1,1,100,29.23
1,1,100,32.40
1,1,100,34.94
1,1,100,34.18
1,1,100,33.68
1,1,100,30.10
1,1,100,28.49
1,1,100,33.55
1,1,100,35.39
1,1,100,39.75
1,1,100,34.65
1,1,100,34.63
1,1,100,32.98
1,1,100,30.85
1,1,100,34.23
1,1,100,33.53
1,1,100,30.20
1,1,100,32.84
1,1,100,36.32
1,1,100,33.05
1,1,100,30.66
1,1,100,32.20
1,1,100,34.11
1,1,100,29.18
1,1,100,33.94
1,1,100,34.60
1,1,100,30.56
1,1,100,34.27
1,1,100,36.48
1,1,100,34.54
1,1,100,34.24
1,1,100,32.41
1,1,100,31.89
1,1,100,30.93
1,1,100,39.30
1,1,100,34.79
1,1,100,39.84
1,1,100,34.80
1,1,100,45.53
1,1,100,36.34
1,1,100,29.43
1,1,100,29.51
1,1,100,33.52
1,1,100,37.39
1,1,100,35.85
1,1,100,31.40
1,1,100,31.56
1,1,100,32.01
1,1,100,29.12
1,1,100,34.44
1,1,100,31.44
1,1,100,33.11
1,1,100,31.76
1,1,100,34.30
1,1,100,30.94
1,1,100,36.01
1,1,100,30.96
1,1,100,27.93
1,1,100,30.14
1,1,100,32.21
1,1,100,31.44
1,1,100,32.95
1,1,100,31.11
1,1,100,35.41
1,1,100,31.68
1,1,100,28.54
1,1,100,32.62
1,1,100,31.68
1,1,100,36.47
1,1,100,31.15
1,1,100,26.04
1,1,100,35.55
1,1,100,34.93
1,1,100,33.76
1,1,100,33.52
1,1,100,32.21
1,1,100,32.90
1,1,100,33.91
1,1,100,34.43
1,1,100,35.65
1,1,100,31.26
1,1,100,34.81
1,1,100,28.16
1,1,100,31.68
1,1,100,43.22
1,1,100,29.62
1,1,100,35.88
1,1,100,32.08
1,1,100,33.81
1,1,100,47.91
1,1,100,35.41
1,1,100,33.85
1,1,100,34.42
1,1,100,36.34
1,1,100,36.95
1,1,100,30.96
1,1,100,33.51
1,1,100,37.83
1,1,100,32.80
1,1,100,44.10
1,1,100,30.41
1,1,100,31.82
1,1,100,43.27
1,1,100,46.09
1,1,100,44.17
1,1,100,33.18
1,1,100,30.52
1,1,100,31.75
1,1,100,35.91
1,1,100,35.27
1,1,100,40.96
1,1,100,27.73
1,1,100,32.19
1,1,100,36.05
1,1,100,31.79
1,1,100,34.32
1,1,100,28.07
1,1,100,30.61
1,1,100,30.04
1,1,100,40.20
1,1,100,29.34
1,1,100,31.72
1,1,100,32.58
1,1,100,29.50
1,1,100,33.17
1,1,100,27.11
1,1,100,34.08
1,1,100,29.74
1,1,100,30.66
1,1,100,30.79
1,1,100,31.52
1,1,100,33.47
1,1,100,34.42
1,1,100,32.08
1,1,100,32.08
1,1,100,29.02
1,1,100,31.82
1,1,100,31.63
1,1,100,32.77
1,1,100,58.62
1,1,100,31.01
1,1,100,35.96
1,1,100,26.78
1,1,100,36.95
1,1,100,31.52
1,1,100,28.47
1,1,100,32.59
1,1,100,29.15
1,1,100,36.90
1,1,100,32.89
1,1,100,32.08
1,1,100,32.12
1,1,100,29.92
1,1,100,35.42
1,1,100,34.23
1,1,100,66.74
1,1,100,29.49
1,1,100,33.01
1,1,100,35.38
1,1,100,30.74
1,1,100,33.45
1,1,100,32.28
1,1,100,32.22
1,1,100,33.91
1,1,100,33.08
1,1,100,34.45
1,1,100,31.18
1,1,100,41.68
1,1,100,35.47
1,1,100,31.35
1,1,100,30.86
1,1,100,34.96
1,1,100,28.35
1,1,100,30.33
1,1,100,34.95
1,1,100,38.30
1,1,100,35.90
1,1,100,32.57
1,1,100,31.47
1,1,100,30.72
1,1,100,37.42
1,1,100,33.46
1,1,100,32.25
1,1,100,31.62
1,1,100,37.18
1,1,100,35.01
1,1,100,33.92
1,1,100,37.12
1,1,100,32.66
1,1,100,34.25
1,1,100,34.20
1,1,100,29.12
1,1,100,39.51
1,1,100,30.56
1,1,100,31.21
1,1,100,27.81
1,1,100,33.08
1,1,100,31.67
1,1,100,31.73
1,1,100,32.42
1,1,100,33.10
1,1,100,32.97
1,1,100,29.04
1,1,100,31.58
1,1,100,35.63
1,1,100,35.50
1,1,100,30.05
1,1,100,36.04
1,1,100,33.91
1,1,100,37.43
1,1,100,29.56
1,1,100,35.05
1,1,100,35.00
1,1,100,36.34
1,1,100,33.74
1,1,100,31.24
1,1,100,35.37
1,1,100,33.59
1,1,100,34.48
1,1,100,30.12
1,1,100,34.77
1,1,100,34.34
1,1,100,32.53
1,1,100,39.66
1,1,100,33.25
1,1,100,29.18
1,1,100,33.19
1,1,100,33.76
1,1,100,9019.27
1,1,100,9084.31
1,1,100,33.57
1,1,100,36.49
1,1,100,34.12
1,1,100,41.23
1,1,100,29.49
1,1,100,32.32
1,1,100,34.47
1,1,100,32.51
1,1,100,36.67
1,1,100,33.59
1,1,100,31.65
1,1,100,32.41
1,1,100,31.09
1,1,100,27.16
1,1,100,30.65
1,1,100,33.17
1,1,100,36.51
1,1,100,45.55
1,1,100,29.36
1,1,100,31.40
1,1,100,33.49
1,1,100,36.04
1,1,100,32.97
1,1,100,26.35
1,1,100,31.44
1,1,100,33.55
1,1,100,34.51
1,1,100,34.82
1,1,100,43.36
1,1,100,34.72
1,1,100,29.20
1,1,100,35.49
1,1,100,28.52
1,1,100,31.05
1,1,100,29.75
1,1,100,31.29
1,1,100,34.64
1,1,100,27.66
1,1,100,32.76
1,1,100,30.33
1,1,100,32.62
1,1,100,38.49
1,1,100,37.59
1,1,100,33.31
1,1,100,32.91
1,1,100,48.44
1,1,100,35.84
1,1,100,33.48
1,1,100,32.43
1,1,100,30.96
1,1,100,37.60
1,1,100,31.56
1,1,100,33.75
1,1,100,32.08
1,1,100,30.94
1,1,100,33.77
1,1,100,33.60
1,1,100,34.55
1,1,100,33.37
1,1,100,35.88
1,1,100,30.91
1,1,100,30.11
1,1,100,27.23
1,1,100,34.41
1,1,100,33.42
1,1,100,29.28
1,1,100,28.89
1,1,100,31.19
1,1,100,31.03
1,1,100,27.06
1,1,100,25.49
1,1,100,29.72
1,1,100,30.64
1,1,100,34.27
1,1,100,28.76
1,1,100,46.10
1,1,100,29.52
1,1,100,32.40
1,1,100,31.11
1,1,100,32.70
1,1,100,31.25
1,1,100,32.50
1,1,100,47.05
1,1,100,42.17
1,1,100,41.83
1,1,100,41.20
1,1,100,32.14
1,1,100,34.92
1,1,100,35.65
1,1,100,39.14
1,1,100,35.26
1,1,100,42.09
1,1,100,36.31
1,1,100,41.41
1,1,100,44.31
1,1,100,43.15
1,1,100,40.86
1,1,100,39.45
1,1,100,40.92
1,1,100,34.32
1,1,100,42.66
1,1,100,35.11
1,1,100,36.38
1,1,100,41.58
1,1,100,37.54
1,1,100,45.39
1,1,100,35.42
1,1,100,40.08
1,1,100,52.58
1,1,100,46.17
1,1,100,42.99
1,1,100,37.15
1,1,100,43.72
1,1,100,36.62
1,1,100,37.41
1,1,100,40.78
1,1,100,40.43
1,1,100,12256.83
1,1,100,35.44
1,1,100,36.53
1,1,100,36.32
1,1,100,34.95
1,1,100,35.64
1,1,100,32.81
1,1,100,35.30
1,1,100,34.74
1,1,100,39.77
1,1,100,33.47
1,1,100,35.37
1,1,100,35.40
1,1,100,34.35
1,1,100,40.61
1,1,100,41.07
1,1,100,44.69
1,1,100,38.28
1,1,100,43.55
1,1,100,42.10
1,1,100,91.09
1,1,100,41.92
1,1,100,116.25
1,1,100,58.22
1,1,100,34.79
1,1,100,37.13
1,1,100,38.33
1,1,100,41.45
1,1,100,33.21
1,1,100,40.03
1,1,100,39.44
1,1,100,35.76
1,1,100,34.93
1,1,100,36.08
1,1,100,36.46
1,1,100,43.16
1,1,100,40.11
1,1,100,34.62
1,1,100,41.93
1,1,100,35.00
1,1,100,35.01
1,1,100,40.02
1,1,100,34.87
1,1,100,39.60
1,1,100,38.87
1,1,100,37.73
1,1,100,39.52
1,1,100,35.24
1,1,100,34.06
1,1,100,35.30
1,1,100,36.42
1,1,100,35.22
1,1,100,40.16
1,1,100,29.92
1,1,100,34.45
1,1,100,32.57
1,1,100,34.43
1,1,100,38.31
1,1,100,38.65
1,1,100,37.02
1,1,100,38.62
1,1,100,37.42
1,1,100,33.13
1,1,100,35.37
1,1,100,32.46
1,1,100,38.84
1,1,100,30.98
1,1,100,47.10
1,1,100,39.19
1,1,100,37.35
1,1,100,15490.33
1,1,100,29.84
1,1,100,29.42
1,1,100,33.00
1,1,100,29.44
1,1,100,49.35
1,1,100,30.88
1,1,100,34.24
1,1,100,27.38
1,1,100,25.61
1,1,100,27.99
1,1,100,29.16
1,1,100,37.08
1,1,100,34.99
1,1,100,30.95
1,1,100,37.88
1,1,100,30.70
1,1,100,40.69
1,1,100,31.21
1,1,100,36.08
1,1,100,29.26
1,1,100,46.88
1,1,100,30.23
1,1,100,33.99
1,1,100,34.91
1,1,100,30.27
1,1,100,35.74
1,1,100,34.31
1,1,100,36.02
1,1,100,35.82
1,1,100,38.64
1,1,100,33.30
1,1,100,30.66
1,1,100,37.22
1,1,100,33.95
1,1,100,32.65
1,1,100,32.96
1,1,100,32.32
1,1,100,32.48
1,1,100,40.03
1,1,100,30.50
1,1,100,29.61
1,1,100,31.17
1,1,100,34.44
1,1,100,29.04
1,1,100,34.42
1,1,100,32.97
1,1,100,31.40
1,1,100,36.09
1,1,100,28.97
1,1,100,30.97
1,1,100,35.00
1,1,100,39.04
1,1,100,33.49
1,1,100,31.22
1,1,100,32.29
1,1,100,32.19
1,1,100,32.22
1,1,100,35.24
1,1,100,37.83
1,1,100,33.76
1,1,100,34.30
1,1,100,35.54
1,1,100,34.64
1,1,100,34.03
1,1,100,31.18
1,1,100,32.99
1,1,100,33.87
1,1,100,29.73
1,1,100,34.70
1,1,100,32.64
1,1,100,32.32
1,1,100,34.11
1,1,100,36.59
1,1,100,31.86
1,1,100,35.78
1,1,100,47.27
1,1,100,34.49
1,1,100,37.22
1,1,100,31.91
1,1,100,32.85
1,1,100,33.20
1,1,100,38.41
1,1,100,39.30
1,1,100,34.59
1,1,100,34.56
1,1,100,37.81
1,1,100,31.17
1,1,100,34.82
1,1,100,33.16
1,1,100,31.02
1,1,100,63.17
1,1,100,32.72
1,1,100,36.71
1,1,100,35.20
1,1,100,32.15
1,1,100,31.78
1,1,100,34.52
1,1,100,37.94
1,1,100,34.95
1,1,100,34.03
1,1,100,34.88
1,1,100,38.12
1,1,100,33.14
1,1,100,38.60
1,1,100,30.58
1,1,100,31.46
1,1,100,33.57
1,1,100,32.02
1,1,100,35.33
1,1,100,62.95
1,1,100,42.39
1,1,100,35.82
1,1,100,11203.91
1,1,100,11184.83
1,1,100,7068.16
1,1,100,4287.50
2,1,50,60.51
2,1,50,121.93
2,1,50,182.95
2,1,50,297.29
2,1,50,359.30
2,1,50,353.78
2,1,50,347.80
2,1,50,341.38
2,1,50,287.47
2,1,50,301.29
2,1,50,301.06
2,1,50,305.56
2,1,50,311.24
2,1,50,311.49
2,1,50,298.42
2,1,50,311.60
2,1,50,337.32
2,1,50,341.16
2,1,50,349.69
2,1,50,352.72
2,1,50,342.71
2,1,50,317.61
2,1,50,308.47
2,1,50,299.36
2,1,50,296.30
2,1,50,298.63
2,1,50,298.88
2,1,50,297.55
2,1,50,297.08
2,1,50,295.22
2,1,50,291.34
2,1,50,288.72
2,1,50,295.16
2,1,50,290.08
2,1,50,284.54
2,1,50,290.31
2,1,50,290.61
2,1,50,287.19
2,1,50,290.79
2,1,50,296.29
2,1,50,291.30
2,1,50,287.59
2,1,50,290.89
2,1,50,293.00
2,1,50,290.87
2,1,50,294.34
2,1,50,295.26
2,1,50,292.67
2,1,50,294.09
2,1,50,289.61
2,1,50,282.41
2,1,50,284.77
2,1,50,291.01
2,1,50,290.33
2,1,50,294.67
2,1,50,305.21
2,1,50,333.10
2,1,50,324.62
2,1,50,326.94
2,1,50,328.47
2,1,50,326.49
2,1,50,293.23
2,1,50,299.41
2,1,50,289.82
2,1,50,291.28
2,1,50,285.20
2,1,50,293.47
2,1,50,289.20
2,1,50,322.29
2,1,50,322.41
2,1,50,331.40
2,1,50,332.12
2,1,50,336.98
2,1,50,311.95
2,1,50,309.95
2,1,50,306.18
2,1,50,319.06
2,1,50,317.09
2,1,50,312.54
2,1,50,311.62
2,1,50,310.32
2,1,50,295.19
2,1,50,301.56
2,1,50,306.85
2,1,50,309.13
2,1,50,308.93
2,1,50,312.81
2,1,50,323.29
2,1,50,321.86
2,1,50,327.71
2,1,50,329.32
2,1,50,328.35
2,1,50,314.47
2,1,50,318.25
2,1,50,307.48
2,1,50,302.60
2,1,50,304.98
2,1,50,312.36
2,1,50,308.29
2,1,50,326.79
2,1,50,332.30
2,1,50,333.63
2,1,50,367.97
2,1,50,364.59
2,1,50,348.13
2,1,50,346.66
2,1,50,361.17
2,1,50,315.16
2,1,50,325.57
2,1,50,344.63
2,1,50,345.69
2,1,50,320.61
2,1,50,323.58
2,1,50,318.26
2,1,50,301.93
2,1,50,299.51
2,1,50,324.52
2,1,50,323.39
2,1,50,319.94
2,1,50,318.52
2,1,50,315.10
2,1,50,293.11
2,1,50,294.96
2,1,50,298.19
2,1,50,297.39
2,1,50,297.28
2,1,50,301.96
2,1,50,298.87
2,1,50,295.64
2,1,50,294.28
2,1,50,296.32
2,1,50,291.33
2,1,50,295.33
2,1,50,292.45
2,1,50,292.69
2,1,50,290.04
2,1,50,289.99
2,1,50,290.32
2,1,50,290.12
2,1,50,290.26
2,1,50,291.99
2,1,50,287.66
2,1,50,285.14
2,1,50,313.87
2,1,50,311.72
2,1,50,313.36
2,1,50,319.31
2,1,50,324.50
2,1,50,299.12
2,1,50,303.65
2,1,50,310.34
2,1,50,310.10
2,1,50,306.46
2,1,50,305.99
2,1,50,305.63
2,1,50,303.92
2,1,50,304.11
2,1,50,311.31
2,1,50,313.11
2,1,50,343.31
2,1,50,338.40
2,1,50,337.92
2,1,50,330.75
2,1,50,332.84
2,1,50,305.75
2,1,50,311.67
2,1,50,309.96
2,1,50,307.94
2,1,50,299.47
2,1,50,299.97
2,1,50,298.98
2,1,50,298.80
2,1,50,297.26
2,1,50,301.15
2,1,50,293.54
2,1,50,302.57
2,1,50,301.81
2,1,50,301.58
2,1,50,298.97
2,1,50,294.98
2,1,50,279.52
2,1,50,288.02
2,1,50,285.10
2,1,50,290.32
2,1,50,321.57
2,1,50,325.09
2,1,50,316.75
2,1,50,318.79
2,1,50,320.58
2,1,50,297.21
2,1,50,291.39
2,1,50,300.11
2,1,50,305.69
2,1,50,300.43
2,1,50,295.79
2,1,50,305.13
2,1,50,304.01
2,1,50,324.52
2,1,50,323.95
2,1,50,326.45
2,1,50,318.20
2,1,50,312.61
2,1,50,289.65
2,1,50,296.92
2,1,50,298.29
2,1,50,300.79
2,1,50,301.74
2,1,50,302.29
2,1,50,300.03
2,1,50,301.93
2,1,50,303.74
2,1,50,312.64
2,1,50,313.05
2,1,50,305.88
2,1,50,303.50
2,1,50,306.04
2,1,50,299.46
2,1,50,291.42
2,1,50,308.91
2,1,50,307.14
2,1,50,304.30
2,1,50,296.20
2,1,50,303.21
2,1,50,290.97
2,1,50,290.90
2,1,50,288.26
2,1,50,290.56
2,1,50,287.97
2,1,50,295.94
2,1,50,301.16
2,1,50,303.49
2,1,50,304.54
2,1,50,308.30
2,1,50,301.23
2,1,50,300.89
2,1,50,303.59
2,1,50,306.32
2,1,50,302.38
2,1,50,305.30
2,1,50,302.96
2,1,50,318.05
2,1,50,324.82
2,1,50,324.91
2,1,50,320.32
2,1,50,315.36
2,1,50,298.30
2,1,50,291.98
2,1,50,291.47
2,1,50,292.48
2,1,50,301.93
2,1,50,304.81
2,1,50,299.25
2,1,50,300.49
2,1,50,298.79
2,1,50,292.39
2,1,50,311.99
2,1,50,315.92
2,1,50,316.15
2,1,50,318.19
2,1,50,315.34
2,1,50,290.31
2,1,50,289.50
2,1,50,292.97
2,1,50,292.03
2,1,50,297.06
2,1,50,297.51
2,1,50,320.96
2,1,50,317.75
2,1,50,319.98
2,1,50,315.97
2,1,50,313.51
2,1,50,298.13
2,1,50,296.96
2,1,50,317.63
2,1,50,319.30
2,1,50,326.08
2,1,50,325.40
2,1,50,327.63
2,1,50,325.30
2,1,50,338.04
2,1,50,331.08
2,1,50,326.39
2,1,50,319.80
2,1,50,296.78
2,1,50,288.46
2,1,50,294.12
2,1,50,292.58
2,1,50,327.40
2,1,50,336.93
2,1,50,336.90
2,1,50,338.84
2,1,50,344.93
2,1,50,311.30
2,1,50,309.25
2,1,50,302.86
2,1,50,298.90
2,1,50,293.27
2,1,50,299.28
2,1,50,359.82
2,1,50,367.04
2,1,50,367.95
2,1,50,435.99
2,1,50,495.42
2,1,50,435.12
2,1,50,485.63
2,1,50,488.18
2,1,50,422.31
2,1,50,361.17
2,1,50,356.42
2,1,50,303.23
2,1,50,323.09
2,1,50,321.67
2,1,50,322.13
2,1,50,323.87
2,1,50,322.91
2,1,50,297.59
2,1,50,304.68
2,1,50,310.32
2,1,50,318.08
2,1,50,325.66
2,1,50,332.06
2,1,50,336.28
2,1,50,328.72
2,1,50,314.52
2,2,100,924.75
2,2,100,1179.17
2,2,100,2008.84
2,2,100,2561.41
2,2,100,2861.91
2,2,100,2313.56
2,2,100,2297.01
2,2,100,1666.43
2,2,100,877.20
2,2,100,1297.95
2,2,100,442.56
2,2,100,797.64
2,2,100,428.48
2,2,100,430.02
2,2,100,368.76
2,2,100,368.91
2,2,100,316.96
2,2,100,307.87
2,2,100,306.74
2,2,100,312.85
2,2,100,317.86
2,2,100,310.40
2,2,100,314.87
2,2,100,312.29
2,2,100,311.89
2,2,100,312.17
2,2,100,315.66
2,2,100,316.57
2,2,100,317.35
2,2,100,314.30
2,2,100,308.51
2,2,100,297.32
2,2,100,295.48
2,2,100,291.54
2,2,100,300.82
2,2,100,300.92
2,2,100,310.09
2,2,100,316.88
2,2,100,316.32
2,2,100,305.01
2,2,100,305.62
2,2,100,305.18
2,2,100,296.37
2,2,100,299.22
2,2,100,296.07
2,2,100,299.57
2,2,100,304.39
2,2,100,297.12
2,2,100,295.19
2,2,100,297.49
2,2,100,295.82
2,2,100,329.44
2,2,100,338.28
2,2,100,342.00
2,2,100,345.54
2,2,100,366.40
2,2,100,329.82
2,2,100,330.02
2,2,100,328.48
2,2,100,324.39
2,2,100,320.45
2,2,100,322.55
2,2,100,316.13
2,2,100,318.09
2,2,100,318.46
2,2,100,297.43
2,2,100,296.61
2,2,100,302.43
2,2,100,295.85
2,2,100,297.98
2,2,100,302.04
2,2,100,299.34
2,2,100,302.67
2,2,100,309.33
2,2,100,307.21
2,2,100,308.60
2,2,100,313.03
2,2,100,311.27
2,2,100,311.31
2,2,100,316.31
2,2,100,322.34
2,2,100,316.81
2,2,100,314.01
2,2,100,310.09
2,2,100,307.69
2,2,100,297.17
2,2,100,313.85
2,2,100,314.23
2,2,100,318.14
2,2,100,319.20
2,2,100,317.71
2,2,100,299.92
2,2,100,297.70
2,2,100,290.36
2,2,100,286.39
2,2,100,287.16
2,2,100,290.35
2,2,100,296.39
2,2,100,303.41
2,2,100,305.32
2,2,100,321.79
2,2,100,319.25
2,2,100,313.56
2,2,100,309.18
2,2,100,314.98
2,2,100,301.94
2,2,100,306.34
2,2,100,308.48
2,2,100,310.18
2,2,100,303.04
2,2,100,308.89
2,2,100,307.81
2,2,100,307.02
2,2,100,303.23
2,2,100,305.99
2,2,100,303.43
2,2,100,303.67
2,2,100,300.97
2,2,100,298.37
2,2,100,293.84
2,2,100,306.22
2,2,100,306.23
2,2,100,306.81
2,2,100,321.70
2,2,100,327.34
2,2,100,316.27
2,2,100,317.76
2,2,100,326.33
2,2,100,318.40
2,2,100,309.72
2,2,100,311.07
2,2,100,309.16
2,2,100,299.99
2,2,100,291.87
2,2,100,311.00
2,2,100,304.43
2,2,100,311.32
2,2,100,312.38
2,2,100,322.54
2,2,100,311.36
2,2,100,307.49
2,2,100,299.56
2,2,100,301.87
2,2,100,295.68
2,2,100,292.63
2,2,100,465.54
2,2,100,464.80
2,2,100,487.23
2,2,100,491.66
2,2,100,490.88
2,2,100,318.27
2,2,100,318.39
2,2,100,290.57
2,2,100,286.55
2,2,100,282.29
2,2,100,279.98
2,2,100,283.07
2,2,100,282.80
2,2,100,282.56
2,2,100,282.10
2,2,100,281.90
2,2,100,277.70
2,2,100,283.58
2,2,100,281.18
2,2,100,288.26
2,2,100,289.65
2,2,100,285.62
2,2,100,280.06
2,2,100,281.43
2,2,100,279.78
2,2,100,285.64
2,2,100,294.46
2,2,100,299.40
2,2,100,302.32
2,2,100,309.64
2,2,100,303.78
2,2,100,300.57
2,2,100,297.53
2,2,100,307.31
2,2,100,298.57
2,2,100,299.73
2,2,100,293.56
2,2,100,301.43
2,2,100,324.51
2,2,100,327.83
2,2,100,327.17
2,2,100,329.97
2,2,100,323.30
2,2,100,288.58
2,2,100,287.48
2,2,100,292.47
2,2,100,292.34
2,2,100,300.16
2,2,100,300.25
2,2,100,292.59
2,2,100,295.89
2,2,100,338.15
2,2,100,332.77
2,2,100,339.03
2,2,100,347.84
2,2,100,343.03
2,2,100,300.19
2,2,100,292.66
2,2,100,289.01
2,2,100,288.84
2,2,100,289.73
2,2,100,291.43
2,2,100,292.42
2,2,100,292.14
2,2,100,285.98
2,2,100,280.58
2,2,100,282.83
2,2,100,285.71
2,2,100,285.60
2,2,100,287.09
2,2,100,290.48
2,2,100,289.11
2,2,100,293.85
2,2,100,285.66
2,2,100,290.65
2,2,100,293.65
2,2,100,293.38
2,2,100,287.82
2,2,100,294.21
2,2,100,310.78
2,2,100,307.60
2,2,100,319.25
2,2,100,323.04
2,2,100,320.88
2,2,100,298.51
2,2,100,299.91
2,2,100,286.49
2,2,100,286.71
2,2,100,291.54
2,2,100,303.04
2,2,100,295.42
2,2,100,321.10
2,2,100,320.26
2,2,100,321.82
2,2,100,367.96
2,2,100,371.43
2,2,100,353.15
2,2,100,355.34
2,2,100,351.87
2,2,100,299.96
2,2,100,307.18
2,2,100,300.72
2,2,100,301.07
2,2,100,302.42
2,2,100,307.17
2,2,100,306.04
2,2,100,310.39
2,2,100,320.32
2,2,100,321.17
2,2,100,323.26
2,2,100,325.99
2,2,100,326.12
2,2,100,336.01
2,2,100,337.42
2,2,100,330.17
2,2,100,326.69
2,2,100,324.25
2,2,100,327.89
2,2,100,329.92
2,2,100,337.19
2,2,100,342.53
2,2,100,344.21
2,2,100,324.72
2,2,100,330.80
2,2,100,326.79
2,2,100,317.86
2,2,100,319.69
2,2,100,316.77
3,1,33,63.16
3,1,33,194.20
3,1,33,252.95
3,1,33,312.61
3,1,33,373.22
3,1,33,373.11
3,1,33,297.20
3,1,33,294.57
3,1,33,298.50
3,1,33,294.62
3,1,33,290.37
3,1,33,290.82
3,1,33,289.94
3,1,33,284.16
3,1,33,287.98
3,1,33,295.67
3,1,33,303.20
3,1,33,312.03
3,1,33,319.19
3,1,33,320.49
3,1,33,315.76
3,1,33,316.70
3,1,33,308.52
3,1,33,310.03
3,1,33,320.91
3,1,33,317.62
3,1,33,321.00
3,1,33,328.36
3,1,33,318.61
3,1,33,297.90
3,1,33,292.39
3,1,33,282.12
3,1,33,283.24
3,1,33,284.98
3,1,33,296.68
3,1,33,300.10
3,1,33,304.47
3,1,33,352.59
3,1,33,355.00
3,1,33,353.95
3,1,33,356.38
3,1,33,354.84
3,1,33,301.59
3,1,33,295.05
3,1,33,288.88
3,1,33,293.36
3,1,33,289.06
3,1,33,293.34
3,1,33,330.46
3,1,33,334.28
3,1,33,336.54
3,1,33,336.85
3,1,33,335.54
3,1,33,305.20
3,1,33,306.28
3,1,33,299.97
3,1,33,302.07
3,1,33,297.63
3,1,33,290.67
3,1,33,288.71
3,1,33,285.10
3,1,33,292.66
3,1,33,288.62
3,1,33,291.98
3,1,33,298.99
3,1,33,302.59
3,1,33,303.38
3,1,33,312.21
3,1,33,315.34
3,1,33,313.56
3,1,33,320.12
3,1,33,313.73
3,1,33,319.31
3,1,33,316.62
3,1,33,313.21
3,1,33,306.40
3,1,33,301.25
3,1,33,295.15
3,1,33,298.13
3,1,33,293.53
3,1,33,292.61
3,1,33,295.98
3,1,33,293.31
3,1,33,289.03
3,1,33,296.90
3,1,33,290.69
3,1,33,290.86
3,1,33,298.00
3,1,33,299.51
3,1,33,295.30
3,1,33,301.55
3,1,33,304.87
3,1,33,302.40
3,1,33,303.28
3,1,33,300.40
3,1,33,302.62
3,1,33,305.89
3,1,33,298.59
3,1,33,304.16
3,1,33,307.06
3,1,33,308.21
3,1,33,301.51
3,1,33,317.10
3,1,33,310.15
3,1,33,308.37
3,1,33,313.60
3,1,33,315.81
3,1,33,332.24
3,1,33,339.41
3,1,33,335.04
3,1,33,325.28
3,1,33,323.12
3,1,33,296.86
3,1,33,292.73
3,1,33,298.99
3,1,33,295.74
3,1,33,291.50
3,1,33,283.31
3,1,33,280.34
3,1,33,275.24
3,1,33,277.34
3,1,33,277.72
3,1,33,281.55
3,1,33,346.76
3,1,33,356.28
3,1,33,357.27
3,1,33,365.68
3,1,33,364.31
3,1,33,301.29
3,1,33,305.62
3,1,33,308.46
3,1,33,323.02
3,1,33,328.98
3,1,33,324.19
3,1,33,310.69
3,1,33,311.39
3,1,33,296.52
3,1,33,288.05
3,1,33,286.75
3,1,33,289.35
3,1,33,288.28
3,1,33,280.24
3,1,33,284.78
3,1,33,285.82
3,1,33,284.77
3,1,33,276.48
3,1,33,276.73
3,1,33,283.31
3,1,33,285.17
3,1,33,286.15
3,1,33,292.20
3,1,33,297.10
3,1,33,299.64
3,1,33,303.38
3,1,33,301.94
3,1,33,304.83
3,1,33,297.56
3,1,33,294.20
3,1,33,291.48
3,1,33,295.11
3,1,33,327.61
3,1,33,334.58
3,1,33,332.04
3,1,33,337.96
3,1,33,342.48
3,1,33,307.51
3,1,33,311.20
3,1,33,312.31
3,1,33,307.90
3,1,33,303.86
3,1,33,320.11
3,1,33,316.22
3,1,33,314.26
3,1,33,314.52
3,1,33,313.45
3,1,33,303.94
3,1,33,306.91
3,1,33,307.99
3,1,33,306.77
3,1,33,306.44
3,1,33,304.52
3,1,33,305.30
3,1,33,310.33
3,1,33,312.30
3,1,33,311.23
3,1,33,305.46
3,1,33,305.13
3,1,33,301.65
3,1,33,298.64
3,1,33,305.94
3,1,33,308.86
3,1,33,334.00
3,1,33,328.65
3,1,33,327.87
3,1,33,316.51
3,1,33,313.22
3,1,33,276.89
3,1,33,270.64
3,1,33,268.66
3,1,33,264.87
3,1,33,257.18
3,1,33,257.18
3,1,33,254.66
3,1,33,246.35
3,1,33,248.23
3,1,33,264.98
3,1,33,280.06
3,1,33,306.79
3,1,33,323.92
3,1,33,331.52
3,1,33,322.45
3,1,33,312.73
3,1,33,305.49
3,1,33,298.11
3,1,33,299.09
3,1,33,297.61
3,1,33,325.57
3,1,33,317.98
3,1,33,320.35
3,1,33,321.91
3,1,33,323.29
3,1,33,295.13
3,1,33,289.08
3,1,33,295.81
3,1,33,293.06
3,1,33,320.34
3,1,33,329.59
3,1,33,336.75
3,1,33,338.19
3,1,33,347.82
3,1,33,327.34
3,1,33,316.97
3,1,33,314.17
3,1,33,300.15
3,1,33,292.13
3,1,33,294.97
3,1,33,301.39
3,1,33,301.28
3,1,33,307.59
3,1,33,304.27
3,1,33,300.04
3,1,33,295.65
3,1,33,298.97
3,1,33,318.63
3,1,33,349.55
3,1,33,349.90
3,1,33,346.99
3,1,33,345.17
3,1,33,328.98
3,1,33,298.55
3,1,33,304.07
3,1,33,314.80
3,1,33,310.12
3,1,33,305.45
3,1,33,308.67
3,1,33,303.61
3,1,33,298.34
3,1,33,305.00
3,1,33,309.12
3,1,33,305.18
3,1,33,299.93
3,1,33,304.67
3,1,33,313.78
3,1,33,310.47
3,1,33,311.39
3,1,33,311.50
3,1,33,308.93
3,1,33,290.60
3,1,33,290.47
3,1,33,288.43
3,1,33,289.92
3,1,33,286.53
3,1,33,290.56
3,1,33,288.01
3,1,33,290.96
3,1,33,289.10
3,1,33,290.58
3,1,33,290.91
3,1,33,293.77
3,1,33,292.53
3,1,33,295.69
3,1,33,294.64
3,1,33,289.91
3,1,33,291.00
3,1,33,297.07
3,1,33,296.69
3,1,33,298.76
3,1,33,300.52
3,1,33,297.13
3,1,33,288.14
3,1,33,284.59
3,1,33,279.86
3,1,33,286.16
3,1,33,287.96
3,1,33,319.82
3,1,33,320.88
3,1,33,321.79
3,1,33,317.84
3,1,33,318.27
3,1,33,297.64
3,1,33,301.70
3,1,33,306.61
3,1,33,321.50
3,1,33,320.54
3,1,33,308.41
3,1,33,306.02
3,1,33,300.44
3,1,33,291.84
3,1,33,299.37
3,1,33,296.57
3,1,33,284.60
3,1,33,279.40
3,1,33,272.23
3,1,33,261.51
3,1,33,261.40
3,1,33,269.01
3,1,33,271.95
3,1,33,277.11
3,1,33,277.56
3,1,33,282.34
3,1,33,296.06
3,1,33,298.19
3,1,33,288.90
3,1,33,288.14
3,1,33,290.17
3,1,33,276.76
3,1,33,281.88
3,1,33,288.53
3,1,33,297.37
3,1,33,301.40
3,1,33,314.29
3,1,33,305.70
3,1,33,298.70
3,2,66,63.47
3,2,66,264.17
3,2,66,386.84
3,2,66,450.79
3,2,66,450.72
3,2,66,316.68
3,2,66,720.56
3,2,66,393.84
3,2,66,391.87
3,2,66,391.75
3,2,66,387.54
3,2,66,325.39
3,2,66,327.10
3,2,66,328.74
3,2,66,335.67
3,2,66,335.45
3,2,66,318.72
3,2,66,319.13
3,2,66,318.49
3,2,66,305.92
3,2,66,310.84
3,2,66,346.70
3,2,66,384.02
3,2,66,380.49
3,2,66,383.85
3,2,66,383.52
3,2,66,352.09
3,2,66,381.33
3,2,66,450.24
3,2,66,451.39
3,2,66,509.84
3,2,66,570.02
3,2,66,573.22
3,2,66,559.10
3,2,66,566.76
3,2,66,507.87
3,2,66,448.38
3,2,66,380.23
3,2,66,327.16
3,2,66,321.27
3,2,66,317.83
3,2,66,309.45
3,2,66,307.33
3,2,66,318.20
3,2,66,320.54
3,2,66,325.30
3,2,66,327.08
3,2,66,330.79
3,2,66,321.37
3,2,66,323.00
3,2,66,317.72
3,2,66,327.01
3,2,66,324.36
3,2,66,324.28
3,2,66,349.88
3,2,66,349.52
3,2,66,341.16
3,2,66,412.55
3,2,66,539.36
3,2,66,619.32
3,2,66,677.10
3,2,66,683.19
3,2,66,616.58
3,2,66,494.20
3,2,66,392.55
3,2,66,345.01
3,2,66,340.97
3,2,66,334.91
3,2,66,333.74
3,2,66,325.90
3,2,66,315.45
3,2,66,319.74
3,2,66,318.42
3,2,66,314.20
3,2,66,314.53
3,2,66,318.21
3,2,66,315.50
3,2,66,312.63
3,2,66,310.69
3,2,66,311.45
3,2,66,312.15
3,2,66,309.67
3,2,66,313.67
3,2,66,314.69
3,2,66,308.82
3,2,66,307.67
3,2,66,305.11
3,2,66,306.01
3,2,66,304.51
3,2,66,307.81
3,2,66,295.63
3,2,66,293.55
3,2,66,295.63
3,2,66,301.16
3,2,66,309.08
3,2,66,317.81
3,2,66,323.25
3,2,66,320.17
3,2,66,319.74
3,2,66,314.41
3,2,66,316.81
3,2,66,318.39
3,2,66,323.01
3,2,66,324.70
3,2,66,324.60
3,2,66,320.59
3,2,66,316.23
3,2,66,312.57
3,2,66,316.64
3,2,66,313.18
3,2,66,318.23
3,2,66,323.48
3,2,66,337.08
3,2,66,330.50
3,2,66,333.33
3,2,66,333.86
3,2,66,334.07
3,2,66,321.40
3,2,66,317.98
3,2,66,317.35
3,2,66,322.55
3,2,66,321.73
3,2,66,321.53
3,2,66,326.02
3,2,66,319.62
3,2,66,312.32
3,2,66,308.17
3,2,66,312.58
3,2,66,313.86
3,2,66,331.18
3,2,66,328.82
3,2,66,328.58
3,2,66,319.97
3,2,66,310.89
3,2,66,295.85
3,2,66,317.85
3,2,66,311.70
3,2,66,314.58
3,2,66,316.92
3,2,66,356.23
3,2,66,337.96
3,2,66,340.95
3,2,66,337.11
3,2,66,330.66
3,2,66,284.24
3,2,66,285.83
3,2,66,295.50
3,2,66,296.23
3,2,66,304.59
3,2,66,325.98
3,2,66,320.74
3,2,66,310.61
3,2,66,320.79
3,2,66,315.37
3,2,66,301.09
3,2,66,305.93
3,2,66,310.47
3,2,66,334.77
3,2,66,336.85
3,2,66,335.11
3,2,66,329.19
3,2,66,323.16
3,2,66,300.75
3,2,66,321.21
3,2,66,316.82
3,2,66,314.60
3,2,66,321.01
3,2,66,311.60
3,2,66,293.99
3,2,66,302.58
3,2,66,306.14
3,2,66,300.13
3,2,66,301.98
3,2,66,305.78
3,2,66,303.32
3,2,66,304.97
3,2,66,306.94
3,2,66,301.18
3,2,66,295.08
3,2,66,289.81
3,2,66,304.60
3,2,66,307.04
3,2,66,316.25
3,2,66,319.48
3,2,66,330.25
3,2,66,311.11
3,2,66,330.84
3,2,66,324.36
3,2,66,331.77
3,2,66,332.71
3,2,66,335.73
3,2,66,321.75
3,2,66,348.26
3,2,66,365.83
3,2,66,366.34
3,2,66,377.21
3,2,66,374.79
3,2,66,355.57
3,2,66,334.17
3,2,66,330.19
3,2,66,320.04
3,2,66,317.12
3,2,66,311.44
3,2,66,302.06
3,2,66,302.39
3,2,66,299.95
3,2,66,302.00
3,2,66,300.93
3,2,66,309.04
3,2,66,307.76
3,2,66,310.42
3,2,66,309.56
3,2,66,312.36
3,2,66,309.82
3,2,66,305.14
3,2,66,303.50
3,2,66,302.70
3,2,66,306.85
3,2,66,311.48
3,2,66,318.06
3,2,66,325.16
3,2,66,330.78
3,2,66,327.28
3,2,66,325.54
3,2,66,324.69
3,2,66,314.94
3,2,66,319.88
3,2,66,316.54
3,2,66,319.90
3,2,66,319.72
3,2,66,325.59
3,2,66,313.86
3,2,66,319.60
3,2,66,311.46
3,2,66,305.51
3,2,66,304.85
3,2,66,306.97
3,2,66,305.77
3,2,66,312.03
3,2,66,315.19
3,2,66,313.31
3,2,66,321.98
3,2,66,320.95
3,2,66,323.69
3,2,66,335.87
3,2,66,341.95
3,2,66,329.64
3,2,66,330.14
3,2,66,318.42
3,2,66,310.72
3,2,66,302.33
3,2,66,311.70
3,2,66,323.03
3,2,66,357.21
3,2,66,357.02
3,2,66,364.47
3,2,66,355.64
3,2,66,337.61
3,2,66,302.98
3,2,66,308.27
3,2,66,302.81
3,2,66,298.78
3,2,66,297.33
3,2,66,307.33
3,2,66,299.42
3,2,66,306.47
3,2,66,307.81
3,2,66,317.13
3,2,66,310.43
3,2,66,311.15
3,2,66,300.95
3,2,66,308.53
3,2,66,307.92
3,2,66,306.44
3,2,66,306.53
3,2,66,304.73
3,2,66,298.28
3,2,66,290.64
3,2,66,291.59
3,2,66,299.90
3,2,66,299.87
3,2,66,301.02
3,2,66,293.74
3,2,66,290.44
3,2,66,274.49
3,2,66,280.66
3,2,66,276.11
3,2,66,288.24
3,2,66,295.59
3,2,66,297.71
3,2,66,292.90
3,2,66,304.87
3,2,66,309.83
3,2,66,303.21
3,2,66,302.62
3,2,66,304.84
3,2,66,299.04
3,2,66,293.38
3,2,66,295.02
3,2,66,296.96
3,2,66,291.09
3,2,66,301.05
3,2,66,302.25
3,3,100,157.30
3,3,100,213.99
3,3,100,275.14
3,3,100,454.94
3,3,100,358.67
3,3,100,369.61
3,3,100,751.13
3,3,100,362.78
3,3,100,365.97
3,3,100,359.53
3,3,100,797.70
3,3,100,380.71
3,3,100,375.05
3,3,100,368.62
3,3,100,371.69
3,3,100,311.13
3,3,100,313.63
3,3,100,308.79
3,3,100,313.21
3,3,100,307.24
3,3,100,304.32
3,3,100,307.06
3,3,100,311.10
3,3,100,304.42
3,3,100,304.62
3,3,100,303.78
3,3,100,302.01
3,3,100,325.17
3,3,100,334.36
3,3,100,336.33
3,3,100,334.97
3,3,100,352.10
3,3,100,341.28
3,3,100,345.19
3,3,100,343.61
3,3,100,340.08
3,3,100,323.12
3,3,100,325.80
3,3,100,328.97
3,3,100,332.43
3,3,100,366.08
3,3,100,359.91
3,3,100,348.25
3,3,100,343.21
3,3,100,380.05
3,3,100,350.93
3,3,100,355.07
3,3,100,350.30
3,3,100,347.47
3,3,100,310.28
3,3,100,306.45
3,3,100,307.52
3,3,100,357.39
3,3,100,357.79
3,3,100,358.54
3,3,100,355.94
3,3,100,352.64
3,3,100,305.44
3,3,100,299.44
3,3,100,297.07
3,3,100,297.80
3,3,100,303.55
3,3,100,318.32
3,3,100,322.40
3,3,100,324.30
3,3,100,325.49
3,3,100,328.88
3,3,100,313.59
3,3,100,311.49
3,3,100,306.28
3,3,100,305.99
3,3,100,306.22
3,3,100,308.14
3,3,100,309.38
3,3,100,312.93
3,3,100,311.24
3,3,100,306.81
3,3,100,308.34
3,3,100,307.97
3,3,100,318.24
3,3,100,355.42
3,3,100,354.16
3,3,100,349.44
3,3,100,344.75
3,3,100,339.24
3,3,100,304.39
3,3,100,299.88
3,3,100,297.29
3,3,100,303.57
3,3,100,305.73
3,3,100,306.69
3,3,100,307.91
3,3,100,314.55
3,3,100,315.82
3,3,100,309.40
3,3,100,316.70
3,3,100,315.77
3,3,100,310.96
3,3,100,303.01
3,3,100,305.01
3,3,100,306.46
3,3,100,315.08
3,3,100,321.22
3,3,100,329.06
3,3,100,329.33
3,3,100,319.89
3,3,100,316.23
3,3,100,315.46
3,3,100,311.68
3,3,100,309.27
3,3,100,310.24
3,3,100,309.03
3,3,100,309.76
3,3,100,305.50
3,3,100,304.90
3,3,100,303.92
3,3,100,307.23
3,3,100,303.93
3,3,100,309.38
3,3,100,307.58
3,3,100,325.21
3,3,100,322.72
3,3,100,320.53
3,3,100,340.61
3,3,100,347.04
3,3,100,334.30
3,3,100,333.97
3,3,100,336.65
3,3,100,312.93
3,3,100,308.73
3,3,100,304.94
3,3,100,304.43
3,3,100,302.00
3,3,100,306.75
3,3,100,309.42
3,3,100,305.18
3,3,100,321.46
3,3,100,323.19
3,3,100,319.07
3,3,100,313.15
3,3,100,319.20
3,3,100,319.63
3,3,100,314.66
3,3,100,322.00
3,3,100,344.47
3,3,100,343.56
3,3,100,326.41
3,3,100,342.59
3,3,100,336.08
3,3,100,350.90
3,3,100,350.98
3,3,100,347.80
3,3,100,337.34
3,3,100,341.46
3,3,100,306.21
3,3,100,303.55
3,3,100,306.50
3,3,100,317.20
3,3,100,314.20
3,3,100,309.86
3,3,100,308.33
3,3,100,307.57
3,3,100,303.56
3,3,100,304.50
3,3,100,303.71
3,3,100,305.54
3,3,100,304.08
3,3,100,298.56
3,3,100,299.00
3,3,100,306.67
3,3,100,310.96
3,3,100,323.62
3,3,100,317.16
3,3,100,335.05
3,3,100,341.18
3,3,100,338.18
3,3,100,347.22
3,3,100,349.05
3,3,100,329.57
3,3,100,323.05
3,3,100,319.37
3,3,100,302.94
3,3,100,310.60
3,3,100,312.06
3,3,100,316.12
3,3,100,324.13
3,3,100,325.44
3,3,100,325.39
3,3,100,333.75
3,3,100,330.69
3,3,100,323.73
3,3,100,321.54
3,3,100,316.79
3,3,100,308.64
3,3,100,307.15
3,3,100,334.43
3,3,100,333.79
3,3,100,347.68
3,3,100,348.47
3,3,100,348.94
3,3,100,350.79
3,3,100,413.54
3,3,100,459.31
3,3,100,461.95
3,3,100,533.60
3,3,100,509.99
3,3,100,561.09
3,3,100,532.70
3,3,100,528.25
3,3,100,456.20
3,3,100,452.70
3,3,100,332.85
3,3,100,307.92
3,3,100,308.40
3,3,100,303.67
3,3,100,302.97
3,3,100,312.22
3,3,100,304.25
3,3,100,305.16
3,3,100,308.36
3,3,100,320.06
3,3,100,530.15
3,3,100,542.55
3,3,100,546.88
3,3,100,549.98
3,3,100,544.50
3,3,100,326.38
3,3,100,313.05
3,3,100,308.70
3,3,100,358.94
3,3,100,349.88
3,3,100,361.91
3,3,100,362.29
3,3,100,365.56
3,3,100,313.64
3,3,100,350.72
3,3,100,341.92
3,3,100,344.60
3,3,100,343.79
3,3,100,355.09
3,3,100,321.54
3,3,100,317.87
3,3,100,353.39
3,3,100,347.45
3,3,100,464.68
3,3,100,464.20
3,3,100,468.69
3,3,100,433.17
3,3,100,434.24
3,3,100,306.07
3,3,100,305.54
3,3,100,333.73
3,3,100,332.10
3,3,100,335.20
3,3,100,331.33
3,3,100,326.40
3,3,100,298.53
3,3,100,302.17
3,3,100,308.27
3,3,100,316.07
3,3,100,323.99
3,3,100,330.62
3,3,100,326.14
3,3,100,319.12
3,3,100,318.68
3,3,100,315.42
3,3,100,304.28
3,3,100,302.87
3,3,100,309.83
3,3,100,314.92
3,3,100,313.86
3,3,100,319.07
3,3,100,324.85
3,3,100,319.71
3,3,100,304.97
3,3,100,307.30
3,3,100,304.14
3,3,100,319.00
3,3,100,320.84
3,3,100,329.04
3,3,100,352.93
3,3,100,383.36
3,3,100,367.73
3,3,100,398.25
3,3,100,394.00
3,3,100,385.19
3,3,100,374.97
3,3,100,423.99
3,3,100,425.25
3,3,100,430.36
3,3,100,452.83
3,3,100,443.77
3,3,100,399.29
3,3,100,378.40
3,3,100,388.90
4,1,25,68.36
4,1,25,184.53
4,1,25,253.58
4,1,25,316.65
4,1,25,385.44
4,1,25,376.79
4,1,25,338.60
4,1,25,338.76
4,1,25,341.78
4,1,25,341.25
4,1,25,353.72
4,1,25,334.15
4,1,25,321.29
4,1,25,311.19
4,1,25,304.34
4,1,25,290.56
4,1,25,289.52
4,1,25,293.17
4,1,25,295.92
4,1,25,297.43
4,1,25,292.41
4,1,25,288.00
4,1,25,283.89
4,1,25,284.08
4,1,25,286.29
4,1,25,294.64
4,1,25,298.42
4,1,25,302.33
4,1,25,301.83
4,1,25,296.95
4,1,25,297.47
4,1,25,312.35
4,1,25,313.29
4,1,25,311.34
4,1,25,304.04
4,1,25,297.86
4,1,25,320.94
4,1,25,326.49
4,1,25,329.67
4,1,25,336.92
4,1,25,345.83
4,1,25,319.46
4,1,25,318.37
4,1,25,315.18
4,1,25,316.18
4,1,25,310.69
4,1,25,304.10
4,1,25,296.37
4,1,25,299.75
4,1,25,298.90
4,1,25,300.03
4,1,25,315.47
4,1,25,318.30
4,1,25,313.47
4,1,25,312.42
4,1,25,324.16
4,1,25,304.46
4,1,25,299.28
4,1,25,311.52
4,1,25,308.65
4,1,25,296.39
4,1,25,299.80
4,1,25,319.84
4,1,25,309.21
4,1,25,312.39
4,1,25,309.90
4,1,25,304.44
4,1,25,287.84
4,1,25,285.93
4,1,25,286.41
4,1,25,292.80
4,1,25,295.29
4,1,25,293.23
4,1,25,292.59
4,1,25,289.85
4,1,25,276.61
4,1,25,267.64
4,1,25,261.57
4,1,25,254.44
4,1,25,251.12
4,1,25,250.53
4,1,25,249.20
4,1,25,247.04
4,1,25,251.53
4,1,25,251.44
4,1,25,261.72
4,1,25,273.41
4,1,25,288.54
4,1,25,298.74
4,1,25,307.17
4,1,25,348.83
4,1,25,346.44
4,1,25,346.16
4,1,25,345.94
4,1,25,340.64
4,1,25,298.32
4,1,25,300.14
4,1,25,299.59
4,1,25,298.93
4,1,25,311.44
4,1,25,316.68
4,1,25,317.14
4,1,25,307.79
4,1,25,301.34
4,1,25,287.42
4,1,25,277.15
4,1,25,274.62
4,1,25,275.74
4,1,25,280.94
4,1,25,283.72
4,1,25,299.43
4,1,25,297.47
4,1,25,304.91
4,1,25,305.31
4,1,25,299.59
4,1,25,286.57
4,1,25,288.50
4,1,25,274.99
4,1,25,270.70
4,1,25,284.74
4,1,25,282.32
4,1,25,277.69
4,1,25,284.34
4,1,25,287.32
4,1,25,276.63
4,1,25,275.43
4,1,25,282.63
4,1,25,286.53
4,1,25,283.87
4,1,25,281.01
4,1,25,286.42
4,1,25,286.24
4,1,25,285.33
4,1,25,289.58
4,1,25,287.38
4,1,25,285.53
4,1,25,286.89
4,1,25,282.58
4,1,25,282.45
4,1,25,289.69
4,1,25,299.99
4,1,25,295.51
4,1,25,295.98
4,1,25,296.07
4,1,25,298.39
4,1,25,287.15
4,1,25,284.47
4,1,25,293.82
4,1,25,300.35
4,1,25,296.45
4,1,25,306.38
4,1,25,309.09
4,1,25,304.51
4,1,25,295.76
4,1,25,304.26
4,1,25,299.66
4,1,25,298.21
4,1,25,299.08
4,1,25,300.02
4,1,25,290.65
4,1,25,286.90
4,1,25,286.48
4,1,25,283.34
4,1,25,277.68
4,1,25,272.66
4,1,25,267.91
4,1,25,282.88
4,1,25,278.89
4,1,25,282.78
4,1,25,319.14
4,1,25,321.64
4,1,25,315.90
4,1,25,319.57
4,1,25,320.44
4,1,25,285.69
4,1,25,285.13
4,1,25,273.30
4,1,25,309.60
4,1,25,312.64
4,1,25,311.63
4,1,25,306.58
4,1,25,303.09
4,1,25,265.65
4,1,25,265.23
4,1,25,266.60
4,1,25,270.74
4,1,25,276.26
4,1,25,277.91
4,1,25,276.85
4,1,25,284.76
4,1,25,284.54
4,1,25,285.98
4,1,25,282.23
4,1,25,281.23
4,1,25,279.56
4,1,25,282.56
4,1,25,282.05
4,1,25,281.93
4,1,25,282.49
4,1,25,281.92
4,1,25,282.22
4,1,25,282.90
4,1,25,312.02
4,1,25,312.95
4,1,25,308.09
4,1,25,309.67
4,1,25,319.76
4,1,25,294.82
4,1,25,290.55
4,1,25,295.62
4,1,25,299.28
4,1,25,292.10
4,1,25,289.85
4,1,25,295.91
4,1,25,337.19
4,1,25,330.96
4,1,25,328.74
4,1,25,331.27
4,1,25,332.88
4,1,25,288.59
4,1,25,281.36
4,1,25,270.71
4,1,25,265.47
4,1,25,249.79
4,1,25,240.97
4,1,25,241.98
4,1,25,251.63
4,1,25,246.18
4,1,25,247.24
4,1,25,249.84
4,1,25,249.57
4,1,25,242.53
4,1,25,246.87
4,1,25,242.40
4,1,25,236.76
4,1,25,244.58
4,1,25,254.62
4,1,25,260.36
4,1,25,270.91
4,1,25,279.82
4,1,25,271.90
4,1,25,265.40
4,1,25,259.25
4,1,25,260.09
4,1,25,265.99
4,1,25,264.68
4,1,25,261.24
4,1,25,255.03
4,1,25,246.44
4,1,25,239.56
4,1,25,250.14
4,1,25,260.96
4,1,25,270.51
4,1,25,284.26
4,1,25,293.03
4,1,25,287.97
4,1,25,284.49
4,1,25,284.89
4,1,25,280.90
4,1,25,298.40
4,1,25,305.92
4,1,25,302.66
4,1,25,305.13
4,1,25,303.17
4,1,25,277.38
4,1,25,294.89
4,1,25,297.16
4,1,25,293.33
4,1,25,286.50
4,1,25,289.58
4,1,25,257.62
4,1,25,275.28
4,1,25,295.05
4,1,25,303.73
4,1,25,305.26
4,1,25,316.12
4,1,25,305.60
4,1,25,287.02
4,1,25,285.47
4,1,25,294.63
4,1,25,300.68
4,1,25,300.03
4,1,25,303.46
4,1,25,304.89
4,1,25,299.15
4,1,25,297.35
4,1,25,292.82
4,1,25,291.75
4,1,25,290.65
4,1,25,284.08
4,1,25,282.60
4,1,25,280.73
4,1,25,277.18
4,1,25,274.09
4,1,25,276.36
4,1,25,269.76
4,1,25,270.98
4,1,25,274.82
4,1,25,277.03
4,1,25,365.50
4,1,25,428.84
4,1,25,488.83
4,1,25,487.43
4,1,25,485.92
4,1,25,397.31
4,1,25,405.30
4,1,25,340.60
4,1,25,340.24
4,1,25,406.17
4,1,25,402.34
4,1,25,334.16
4,1,25,336.23
4,1,25,392.10
4,1,25,332.09
4,1,25,334.23
4,1,25,338.22
4,1,25,346.03
4,1,25,290.20
4,1,25,290.88
4,1,25,290.37
4,1,25,287.76
4,1,25,284.97
4,1,25,289.53
4,1,25,291.27
4,1,25,288.57
4,1,25,288.40
4,1,25,286.77
4,1,25,281.43
4,1,25,272.86
4,1,25,280.60
4,1,25,274.18
4,1,25,273.94
4,1,25,277.85
4,1,25,276.29
4,1,25,282.32
4,1,25,278.72
4,1,25,269.55
4,1,25,262.69
4,1,25,317.54
4,1,25,310.63
4,1,25,326.03
4,2,50,64.39
4,2,50,256.89
4,2,50,393.96
4,2,50,392.53
4,2,50,608.34
4,2,50,810.92
4,2,50,478.54
4,2,50,473.62
4,2,50,374.02
4,2,50,853.74
4,2,50,354.40
4,2,50,362.47
4,2,50,360.76
4,2,50,362.61
4,2,50,296.93
4,2,50,298.12
4,2,50,283.39
4,2,50,288.94
4,2,50,290.09
4,2,50,302.14
4,2,50,303.69
4,2,50,346.96
4,2,50,347.68
4,2,50,349.86
4,2,50,337.29
4,2,50,348.83
4,2,50,310.76
4,2,50,305.01
4,2,50,308.27
4,2,50,304.96
4,2,50,296.09
4,2,50,294.37
4,2,50,299.78
4,2,50,294.57
4,2,50,291.47
4,2,50,291.73
4,2,50,292.16
4,2,50,289.38
4,2,50,300.11
4,2,50,303.78
4,2,50,299.60
4,2,50,296.50
4,2,50,294.53
4,2,50,292.67
4,2,50,293.17
4,2,50,294.97
4,2,50,294.13
4,2,50,297.86
4,2,50,286.19
4,2,50,284.21
4,2,50,325.17
4,2,50,347.00
4,2,50,400.78
4,2,50,419.10
4,2,50,425.43
4,2,50,393.83
4,2,50,372.31
4,2,50,319.96
4,2,50,314.39
4,2,50,316.25
4,2,50,304.61
4,2,50,314.59
4,2,50,302.65
4,2,50,320.20
4,2,50,304.37
4,2,50,305.06
4,2,50,309.82
4,2,50,318.77
4,2,50,293.22
4,2,50,302.14
4,2,50,306.17
4,2,50,292.76
4,2,50,288.39
4,2,50,291.07
4,2,50,299.34
4,2,50,296.62
4,2,50,299.14
4,2,50,303.02
4,2,50,298.87
4,2,50,287.57
4,2,50,288.66
4,2,50,292.95
4,2,50,290.55
4,2,50,291.98
4,2,50,294.83
4,2,50,302.63
4,2,50,298.51
4,2,50,297.75
4,2,50,296.05
4,2,50,291.49
4,2,50,280.55
4,2,50,277.30
4,2,50,279.69
4,2,50,282.75
4,2,50,283.77
4,2,50,281.36
4,2,50,280.33
4,2,50,273.56
4,2,50,277.68
4,2,50,283.62
4,2,50,293.77
4,2,50,299.79
4,2,50,314.12
4,2,50,307.21
4,2,50,305.71
4,2,50,302.55
4,2,50,305.71
4,2,50,309.28
4,2,50,311.16
4,2,50,312.03
4,2,50,311.48
4,2,50,301.04
4,2,50,310.32
4,2,50,306.97
4,2,50,307.10
4,2,50,313.06
4,2,50,316.43
4,2,50,300.21
4,2,50,306.41
4,2,50,306.48
4,2,50,303.01
4,2,50,306.23
4,2,50,303.04
4,2,50,302.20
4,2,50,298.66
4,2,50,296.64
4,2,50,296.28
4,2,50,310.63
4,2,50,314.23
4,2,50,315.05
4,2,50,316.72
4,2,50,324.41
4,2,50,312.23
4,2,50,310.37
4,2,50,312.74
4,2,50,313.79
4,2,50,303.79
4,2,50,302.97
4,2,50,298.32
4,2,50,306.58
4,2,50,303.54
4,2,50,308.25
4,2,50,307.89
4,2,50,306.17
4,2,50,297.69
4,2,50,296.77
4,2,50,291.98
4,2,50,290.32
4,2,50,294.13
4,2,50,293.09
4,2,50,299.57
4,2,50,307.11
4,2,50,307.31
4,2,50,308.09
4,2,50,300.85
4,2,50,285.37
4,2,50,276.83
4,2,50,280.60
4,2,50,284.74
4,2,50,292.00
4,2,50,299.94
4,2,50,301.61
4,2,50,297.17
4,2,50,305.44
4,2,50,302.31
4,2,50,296.42
4,2,50,294.01
4,2,50,293.56
4,2,50,278.65
4,2,50,284.13
4,2,50,288.26
4,2,50,296.18
4,2,50,294.99
4,2,50,296.04
4,2,50,295.13
4,2,50,297.85
4,2,50,296.07
4,2,50,300.67
4,2,50,305.74
4,2,50,303.80
4,2,50,305.50
4,2,50,311.02
4,2,50,308.15
4,2,50,300.59
4,2,50,296.02
4,2,50,297.45
4,2,50,292.17
4,2,50,296.88
4,2,50,307.32
4,2,50,345.74
4,2,50,359.01
4,2,50,369.11
4,2,50,369.45
4,2,50,368.61
4,2,50,334.60
4,2,50,368.17
4,2,50,352.68
4,2,50,350.13
4,2,50,351.74
4,2,50,368.61
4,2,50,346.83
4,2,50,357.00
4,2,50,369.36
4,2,50,374.38
4,2,50,359.68
4,2,50,342.04
4,2,50,392.18
4,2,50,400.25
4,2,50,396.30
4,2,50,401.47
4,2,50,412.88
4,2,50,357.36
4,2,50,354.37
4,2,50,349.66
4,2,50,339.12
4,2,50,313.37
4,2,50,311.02
4,2,50,296.59
4,2,50,297.07
4,2,50,299.35
4,2,50,311.28
4,2,50,311.80
4,2,50,319.75
4,2,50,315.68
4,2,50,324.61
4,2,50,315.91
4,2,50,305.14
4,2,50,295.35
4,2,50,292.78
4,2,50,287.49
4,2,50,283.39
4,2,50,293.31
4,2,50,291.60
4,2,50,296.24
4,2,50,298.84
4,2,50,305.13
4,2,50,315.21
4,2,50,385.54
4,2,50,392.56
4,2,50,389.55
4,2,50,391.34
4,2,50,381.45
4,2,50,310.45
4,2,50,297.34
4,2,50,292.98
4,2,50,285.78
4,2,50,289.39
4,2,50,283.17
4,2,50,288.83
4,2,50,285.89
4,2,50,292.69
4,2,50,287.34
4,2,50,299.58
4,2,50,300.70
4,2,50,309.83
4,2,50,309.05
4,2,50,376.09
4,2,50,367.15
4,2,50,364.11
4,2,50,362.33
4,2,50,356.26
4,2,50,295.60
4,2,50,296.57
4,2,50,297.73
4,2,50,297.52
4,2,50,304.41
4,2,50,298.02
4,2,50,305.55
4,2,50,302.28
4,2,50,298.41
4,2,50,295.63
4,2,50,297.25
4,2,50,290.36
4,2,50,292.92
4,2,50,295.43
4,2,50,290.70
4,2,50,294.84
4,2,50,296.17
4,2,50,297.43
4,2,50,294.16
4,2,50,293.04
4,2,50,287.24
4,2,50,284.99
4,2,50,279.01
4,2,50,281.43
4,2,50,297.41
4,2,50,299.17
4,2,50,303.47
4,2,50,304.90
4,2,50,321.04
4,2,50,309.44
4,2,50,307.91
4,2,50,301.60
4,2,50,304.61
4,2,50,289.59
4,2,50,286.02
4,2,50,288.16
4,2,50,288.71
4,2,50,287.77
4,2,50,284.02
4,2,50,285.85
4,2,50,297.92
4,2,50,334.43
4,2,50,335.73
4,2,50,338.88
4,2,50,340.49
4,2,50,335.36
4,2,50,301.29
4,2,50,304.78
4,2,50,299.78
4,2,50,301.41
4,2,50,292.27
4,2,50,295.13
4,2,50,294.41
4,2,50,351.39
4,2,50,354.60
4,2,50,356.62
4,2,50,346.62
4,2,50,337.88
4,3,75,69.58
4,3,75,1981.24
4,3,75,2372.78
4,3,75,2597.39
4,3,75,285.59
4,3,75,2858.73
4,3,75,960.66
4,3,75,400.89
4,3,75,3126.57
4,3,75,403.55
4,3,75,382.47
4,3,75,872.68
4,3,75,395.63
4,3,75,400.66
4,3,75,867.74
4,3,75,395.75
4,3,75,392.06
4,3,75,866.66
4,3,75,383.24
4,3,75,383.55
4,3,75,386.78
4,3,75,781.78
4,3,75,311.28
4,3,75,316.34
4,3,75,318.16
4,3,75,341.96
4,3,75,327.17
4,3,75,329.54
4,3,75,329.25
4,3,75,327.00
4,3,75,301.54
4,3,75,300.68
4,3,75,304.00
4,3,75,299.47
4,3,75,297.77
4,3,75,297.68
4,3,75,298.75
4,3,75,294.43
4,3,75,295.36
4,3,75,307.16
4,3,75,313.73
4,3,75,318.90
4,3,75,320.82
4,3,75,317.77
4,3,75,305.95
4,3,75,302.97
4,3,75,311.82
4,3,75,306.98
4,3,75,308.91
4,3,75,316.96
4,3,75,321.83
4,3,75,312.28
4,3,75,320.34
4,3,75,327.82
4,3,75,322.13
4,3,75,313.31
4,3,75,319.09
4,3,75,318.92
4,3,75,308.53
4,3,75,307.12
4,3,75,315.56
4,3,75,358.00
4,3,75,355.77
4,3,75,478.88
4,3,75,604.67
4,3,75,605.22
4,3,75,601.05
4,3,75,657.95
4,3,75,556.23
4,3,75,429.17
4,3,75,419.49
4,3,75,371.60
4,3,75,308.21
4,3,75,290.65
4,3,75,293.08
4,3,75,299.65
4,3,75,358.55
4,3,75,368.98
4,3,75,364.69
4,3,75,363.53
4,3,75,423.58
4,3,75,430.40
4,3,75,494.68
4,3,75,499.13
4,3,75,499.44
4,3,75,439.56
4,3,75,369.91
4,3,75,300.44
4,3,75,297.36
4,3,75,299.88
4,3,75,295.35
4,3,75,297.78
4,3,75,298.08
4,3,75,297.83
4,3,75,293.66
4,3,75,298.76
4,3,75,301.01
4,3,75,299.72
4,3,75,301.71
4,3,75,318.21
4,3,75,326.65
4,3,75,322.37
4,3,75,323.43
4,3,75,341.12
4,3,75,373.97
4,3,75,369.61
4,3,75,373.05
4,3,75,395.67
4,3,75,375.91
4,3,75,330.00
4,3,75,326.03
4,3,75,323.28
4,3,75,297.53
4,3,75,303.16
4,3,75,304.45
4,3,75,301.88
4,3,75,313.48
4,3,75,329.54
4,3,75,329.37
4,3,75,330.09
4,3,75,335.24
4,3,75,328.33
4,3,75,319.71
4,3,75,321.43
4,3,75,314.80
4,3,75,305.77
4,3,75,303.26
4,3,75,302.48
4,3,75,310.17
4,3,75,329.04
4,3,75,331.57
4,3,75,331.61
4,3,75,333.36
4,3,75,320.06
4,3,75,310.65
4,3,75,311.52
4,3,75,307.57
4,3,75,300.00
4,3,75,297.29
4,3,75,288.14
4,3,75,286.27
4,3,75,295.06
4,3,75,299.17
4,3,75,311.34
4,3,75,313.38
4,3,75,317.94
4,3,75,311.35
4,3,75,308.24
4,3,75,307.67
4,3,75,306.66
4,3,75,300.66
4,3,75,304.21
4,3,75,300.63
4,3,75,318.81
4,3,75,312.94
4,3,75,310.86
4,3,75,309.32
4,3,75,315.72
4,3,75,289.08
4,3,75,294.38
4,3,75,335.86
4,3,75,337.21
4,3,75,331.84
4,3,75,331.94
4,3,75,338.04
4,3,75,298.18
4,3,75,298.89
4,3,75,305.41
4,3,75,310.36
4,3,75,309.79
4,3,75,308.97
4,3,75,310.61
4,3,75,307.69
4,3,75,303.65
4,3,75,316.12
4,3,75,341.22
4,3,75,342.74
4,3,75,341.16
4,3,75,339.20
4,3,75,326.05
4,3,75,307.63
4,3,75,300.25
4,3,75,296.41
4,3,75,296.16
4,3,75,293.15
4,3,75,286.70
4,3,75,291.91
4,3,75,300.06
4,3,75,319.04
4,3,75,343.89
4,3,75,347.31
4,3,75,364.98
4,3,75,382.15
4,3,75,378.04
4,3,75,362.60
4,3,75,367.69
4,3,75,347.82
4,3,75,329.14
4,3,75,318.77
4,3,75,313.67
4,3,75,308.85
4,3,75,308.63
4,3,75,305.70
4,3,75,302.90
4,3,75,321.02
4,3,75,317.47
4,3,75,312.76
4,3,75,313.01
4,3,75,315.51
4,3,75,297.90
4,3,75,298.48
4,3,75,303.70
4,3,75,312.76
4,3,75,313.69
4,3,75,317.25
4,3,75,317.62
4,3,75,316.81
4,3,75,337.80
4,3,75,336.68
4,3,75,323.11
4,3,75,323.62
4,3,75,317.55
4,3,75,287.48
4,3,75,303.53
4,3,75,316.55
4,3,75,339.61
4,3,75,346.59
4,3,75,348.59
4,3,75,332.91
4,3,75,326.60
4,3,75,311.78
4,3,75,303.81
4,3,75,310.18
4,3,75,306.79
4,3,75,308.72
4,3,75,299.94
4,3,75,307.25
4,3,75,320.49
4,3,75,322.36
4,3,75,324.11
4,3,75,332.19
4,3,75,331.26
4,3,75,306.83
4,3,75,307.25
4,3,75,302.09
4,3,75,291.18
4,3,75,295.64
4,3,75,313.13
4,3,75,339.38
4,3,75,341.19
4,3,75,351.36
4,3,75,350.23
4,3,75,341.24
4,3,75,316.69
4,3,75,318.73
4,3,75,310.97
4,3,75,308.81
4,3,75,303.67
4,3,75,301.15
4,3,75,308.69
4,3,75,310.53
4,3,75,310.05
4,4,100,1809.76
4,4,100,2068.60
4,4,100,2481.87
4,4,100,4928.68
4,4,100,6756.91
4,4,100,5308.43
4,4,100,6831.56
4,4,100,6662.11
4,4,100,4583.78
4,4,100,5256.56
4,4,100,6693.52
4,4,100,5324.40
4,4,100,5498.05
4,4,100,5457.27
4,4,100,1357.66
4,4,100,586.42
4,4,100,1250.93
4,4,100,372.84
4,4,100,3815.12
4,4,100,414.24
4,4,100,1150.33
4,4,100,371.34
4,4,100,1227.91
4,4,100,395.71
4,4,100,1217.27
4,4,100,365.33
4,4,100,1214.81
4,4,100,436.04
4,4,100,1244.05
4,4,100,417.71
4,4,100,386.96
4,4,100,1275.86
4,4,100,407.87
4,4,100,409.92
4,4,100,410.36
4,4,100,1289.94
4,4,100,385.42
4,4,100,392.23
4,4,100,383.04
4,4,100,390.71
4,4,100,332.44
4,4,100,327.71
4,4,100,326.33
4,4,100,311.98
4,4,100,304.39
4,4,100,304.65
4,4,100,307.22
4,4,100,302.36
4,4,100,302.49
4,4,100,303.82
4,4,100,302.98
4,4,100,298.20
4,4,100,314.15
4,4,100,320.15
4,4,100,323.70
4,4,100,322.74
4,4,100,320.87
4,4,100,303.33
4,4,100,301.53
4,4,100,301.60
4,4,100,304.11
4,4,100,306.59
4,4,100,311.39
4,4,100,311.99
4,4,100,305.85
4,4,100,311.16
4,4,100,320.01
4,4,100,316.70
4,4,100,313.37
4,4,100,309.56
4,4,100,350.26
5,1,20,185.10
5,1,20,238.11
5,1,20,364.29
5,1,20,417.43
5,1,20,525.46
5,1,20,387.84
5,1,20,386.24
5,1,20,314.72
5,1,20,313.10
5,1,20,262.26
5,1,20,273.27
5,1,20,275.16
5,1,20,276.21
5,1,20,321.00
5,1,20,317.80
5,1,20,317.33
5,1,20,314.40
5,1,20,317.11
5,1,20,275.31
5,1,20,277.23
5,1,20,272.59
5,1,20,272.77
5,1,20,267.14
5,1,20,265.20
5,1,20,261.39
5,1,20,258.81
5,1,20,261.28
5,1,20,256.93
5,1,20,254.76
5,1,20,252.22
5,1,20,266.20
5,1,20,268.07
5,1,20,273.02
5,1,20,273.25
5,1,20,278.63
5,1,20,270.96
5,1,20,275.09
5,1,20,280.85
5,1,20,288.73
5,1,20,289.58
5,1,20,283.86
5,1,20,272.24
5,1,20,263.10
5,1,20,255.53
5,1,20,261.10
5,1,20,267.13
5,1,20,307.02
5,1,20,314.65
5,1,20,320.15
5,1,20,315.00
5,1,20,301.71
5,1,20,258.84
5,1,20,255.04
5,1,20,260.36
5,1,20,262.38
5,1,20,279.26
5,1,20,288.36
5,1,20,296.83
5,1,20,295.06
5,1,20,292.31
5,1,20,289.66
5,1,20,292.66
5,1,20,281.15
5,1,20,280.64
5,1,20,275.26
5,1,20,264.51
5,1,20,253.26
5,1,20,255.33
5,1,20,251.21
5,1,20,256.33
5,1,20,255.88
5,1,20,260.94
5,1,20,267.78
5,1,20,270.07
5,1,20,278.33
5,1,20,288.87
5,1,20,298.37
5,1,20,298.43
5,1,20,306.78
5,1,20,299.08
5,1,20,303.42
5,1,20,307.36
5,1,20,308.34
5,1,20,309.67
5,1,20,319.21
5,1,20,313.13
5,1,20,306.07
5,1,20,301.50
5,1,20,291.35
5,1,20,282.34
5,1,20,286.85
5,1,20,296.56
5,1,20,299.99
5,1,20,309.87
5,1,20,319.74
5,1,20,317.67
5,1,20,308.92
5,1,20,302.24
5,1,20,294.67
5,1,20,284.12
5,1,20,286.21
5,1,20,292.79
5,1,20,296.45
5,1,20,294.92
5,1,20,298.46
5,1,20,297.20
5,1,20,291.06
5,1,20,287.36
5,1,20,290.26
5,1,20,286.51
5,1,20,280.59
5,1,20,273.33
5,1,20,280.46
5,1,20,269.20
5,1,20,268.89
5,1,20,277.15
5,1,20,286.92
5,1,20,286.23
5,1,20,295.77
5,1,20,299.92
5,1,20,290.77
5,1,20,286.76
5,1,20,287.11
5,1,20,292.83
5,1,20,302.74
5,1,20,313.77
5,1,20,313.87
5,1,20,305.93
5,1,20,293.46
5,1,20,279.47
5,1,20,272.03
5,1,20,266.23
5,1,20,265.11
5,1,20,271.60
5,1,20,285.78
5,1,20,284.09
5,1,20,288.38
5,1,20,296.97
5,1,20,293.11
5,1,20,276.61
5,1,20,269.54
5,1,20,269.76
5,1,20,262.48
5,1,20,266.10
5,1,20,266.68
5,1,20,272.35
5,1,20,275.46
5,1,20,276.73
5,1,20,277.36
5,1,20,280.13
5,1,20,285.51
5,1,20,285.86
5,1,20,293.63
5,1,20,302.56
5,1,20,303.25
5,1,20,305.23
5,1,20,301.51
5,1,20,295.64
5,1,20,278.66
5,1,20,275.30
5,1,20,265.57
5,1,20,260.93
5,1,20,255.68
5,1,20,249.03
5,1,20,245.03
5,1,20,240.95
5,1,20,239.70
5,1,20,236.72
5,1,20,248.09
5,1,20,251.98
5,1,20,255.05
5,1,20,258.14
5,1,20,258.84
5,1,20,252.34
5,1,20,262.23
5,1,20,279.95
5,1,20,277.49
5,1,20,286.62
5,1,20,297.00
5,1,20,290.14
5,1,20,271.60
5,1,20,276.99
5,1,20,268.69
5,1,20,258.81
5,1,20,249.07
5,1,20,251.99
5,1,20,238.72
5,1,20,240.34
5,1,20,245.06
5,1,20,248.76
5,1,20,247.62
5,1,20,255.72
5,1,20,248.25
5,1,20,246.99
5,1,20,250.57
5,1,20,264.36
5,1,20,269.98
5,1,20,315.71
5,1,20,322.06
5,1,20,331.99
5,1,20,326.80
5,1,20,330.36
5,1,20,302.03
5,1,20,304.17
5,1,20,303.60
5,1,20,311.90
5,1,20,314.43
5,1,20,312.17
5,1,20,310.32
5,1,20,302.34
5,1,20,298.40
5,1,20,297.07
5,1,20,297.34
5,1,20,292.40
5,1,20,298.13
5,1,20,285.75
5,1,20,282.89
5,1,20,284.12
5,1,20,283.94
5,1,20,281.03
5,1,20,282.63
5,1,20,281.81
5,1,20,279.78
5,1,20,281.87
5,1,20,276.36
5,1,20,285.72
5,1,20,285.46
5,1,20,280.02
5,1,20,278.13
5,1,20,284.67
5,1,20,279.95
5,1,20,278.26
5,1,20,288.59
5,1,20,296.12
5,1,20,297.27
5,1,20,298.28
5,1,20,305.97
5,1,20,294.18
5,1,20,282.37
5,1,20,279.85
5,1,20,281.56
5,1,20,272.43
5,1,20,277.76
5,1,20,286.92
5,1,20,282.92
5,1,20,277.86
5,1,20,286.55
5,1,20,292.25
5,1,20,288.08
5,1,20,293.11
5,1,20,292.91
5,1,20,288.44
5,1,20,284.07
5,1,20,285.33
5,1,20,280.69
5,1,20,283.14
5,1,20,279.99
5,1,20,277.59
5,1,20,273.66
5,1,20,280.61
5,1,20,277.24
5,1,20,278.04
5,1,20,284.59
5,1,20,293.50
5,1,20,295.75
5,1,20,307.05
5,1,20,312.14
5,1,20,308.81
5,1,20,308.50
5,1,20,299.96
5,1,20,289.41
5,1,20,290.77
5,1,20,287.67
5,1,20,284.00
5,1,20,306.03
5,1,20,308.92
5,1,20,308.57
5,1,20,307.73
5,1,20,307.97
5,1,20,286.33
5,1,20,280.60
5,1,20,280.44
5,1,20,303.92
5,1,20,296.16
5,1,20,306.38
5,1,20,318.02
5,1,20,313.95
5,1,20,297.91
5,1,20,312.46
5,1,20,308.93
5,1,20,307.41
5,1,20,316.42
5,1,20,313.98
5,1,20,311.80
5,1,20,312.24
5,1,20,303.41
5,1,20,289.15
5,1,20,288.19
5,1,20,285.66
5,1,20,279.07
5,1,20,282.56
5,1,20,288.64
5,1,20,285.96
5,1,20,279.86
5,1,20,280.30
5,1,20,283.01
5,1,20,279.99
5,1,20,288.19
5,1,20,292.84
5,1,20,299.97
5,1,20,297.85
5,1,20,301.96
5,1,20,296.41
5,1,20,294.94
5,1,20,294.86
5,1,20,291.63
5,1,20,291.66
5,1,20,294.53
5,1,20,301.60
5,1,20,293.11
5,1,20,296.41
5,1,20,295.71
5,1,20,299.07
5,1,20,296.80
5,1,20,306.93
5,1,20,310.66
5,1,20,328.20
5,1,20,319.00
5,1,20,323.74
5,1,20,350.72
5,1,20,355.65
5,1,20,339.53
5,1,20,375.02
5,1,20,447.47
5,1,20,453.82
5,1,20,480.87
5,1,20,499.22
5,1,20,504.92
5,1,20,459.58
5,1,20,454.18
5,1,20,423.72
5,1,20,411.74
5,1,20,376.46
5,1,20,345.57
5,2,40,68.86
5,2,40,132.18
5,2,40,337.04
5,2,40,393.48
5,2,40,440.23
5,2,40,439.98
5,2,40,296.85
5,2,40,297.21
5,2,40,806.97
5,2,40,363.32
5,2,40,361.85
5,2,40,363.44
5,2,40,362.54
5,2,40,298.79
5,2,40,303.30
5,2,40,301.20
5,2,40,298.39
5,2,40,298.05
5,2,40,303.29
5,2,40,288.65
5,2,40,286.26
5,2,40,280.30
5,2,40,281.98
5,2,40,277.35
5,2,40,329.43
5,2,40,337.01
5,2,40,347.56
5,2,40,353.82
5,2,40,367.20
5,2,40,335.99
5,2,40,344.61
5,2,40,347.76
5,2,40,354.96
5,2,40,372.91
5,2,40,369.03
5,2,40,356.92
5,2,40,360.66
5,2,40,363.72
5,2,40,351.76
5,2,40,347.91
5,2,40,351.96
5,2,40,345.58
5,2,40,336.57
5,2,40,329.97
5,2,40,328.70
5,2,40,338.93
5,2,40,342.21
5,2,40,338.13
5,2,40,416.71
5,2,40,409.90
5,2,40,400.18
5,2,40,408.80
5,2,40,409.03
5,2,40,333.51
5,2,40,362.20
5,2,40,355.29
5,2,40,342.24
5,2,40,338.89
5,2,40,347.76
5,2,40,329.88
5,2,40,332.39
5,2,40,328.88
5,2,40,333.98
5,2,40,334.31
5,2,40,331.37
5,2,40,328.92
5,2,40,326.72
5,2,40,329.63
5,2,40,309.22
5,2,40,298.16
5,2,40,294.67
5,2,40,292.51
5,2,40,283.22
5,2,40,287.17
5,2,40,294.15
5,2,40,305.46
5,2,40,307.34
5,2,40,310.54
5,2,40,309.12
5,2,40,308.68
5,2,40,319.00
5,2,40,323.28
5,2,40,316.88
5,2,40,348.10
5,2,40,339.97
5,2,40,320.36
5,2,40,314.13
5,2,40,318.09
5,2,40,288.87
5,2,40,292.37
5,2,40,335.90
5,2,40,337.64
5,2,40,329.79
5,2,40,327.41
5,2,40,326.79
5,2,40,279.04
5,2,40,279.84
5,2,40,294.84
5,2,40,300.13
5,2,40,296.77
5,2,40,300.26
5,2,40,294.82
5,2,40,299.83
5,2,40,306.05
5,2,40,315.95
5,2,40,323.33
5,2,40,327.54
5,2,40,329.57
5,2,40,318.47
5,2,40,314.24
5,2,40,319.00
5,2,40,326.77
5,2,40,321.45
5,2,40,331.85
5,2,40,333.89
5,2,40,323.42
5,2,40,319.07
5,2,40,315.33
5,2,40,300.55
5,2,40,297.87
5,2,40,302.63
5,2,40,312.53
5,2,40,315.16
5,2,40,336.14
5,2,40,340.55
5,2,40,335.67
5,2,40,327.34
5,2,40,323.46
5,2,40,327.54
5,2,40,318.49
5,2,40,324.86
5,2,40,319.81
5,2,40,324.31
5,2,40,304.52
5,2,40,308.99
5,2,40,300.07
5,2,40,303.42
5,2,40,300.73
5,2,40,295.90
5,2,40,294.70
5,2,40,309.59
5,2,40,322.31
5,2,40,327.63
5,2,40,340.81
5,2,40,346.30
5,2,40,398.90
5,2,40,512.84
5,2,40,567.83
5,2,40,567.24
5,2,40,627.01
5,2,40,570.24
5,2,40,445.55
5,2,40,378.41
5,2,40,365.21
5,2,40,310.76
5,2,40,311.90
5,2,40,311.43
5,2,40,311.98
5,2,40,328.31
5,2,40,317.12
5,2,40,316.77
5,2,40,313.88
5,2,40,315.37
5,2,40,300.94
5,2,40,303.85
5,2,40,302.97
5,2,40,308.29
5,2,40,311.78
5,2,40,311.18
5,2,40,309.66
5,2,40,309.62
5,2,40,326.64
5,2,40,318.72
5,2,40,333.08
5,2,40,336.30
5,2,40,330.01
5,2,40,311.40
5,2,40,313.88
5,2,40,301.09
5,2,40,296.72
5,2,40,298.52
5,2,40,299.18
5,2,40,303.12
5,2,40,303.19
5,2,40,300.34
5,2,40,302.23
5,2,40,302.23
5,2,40,304.77
5,2,40,309.10
5,2,40,311.84
5,2,40,311.15
5,2,40,321.57
5,2,40,315.59
5,2,40,316.45
5,2,40,327.13
5,2,40,326.02
5,2,40,311.70
5,2,40,316.44
5,2,40,320.42
5,2,40,320.75
5,2,40,319.48
5,2,40,318.32
5,2,40,312.04
5,2,40,304.79
5,2,40,299.38
5,2,40,306.89
5,2,40,311.27
5,2,40,321.18
5,2,40,323.14
5,2,40,324.34
5,2,40,333.90
5,2,40,333.41
5,2,40,324.84
5,2,40,326.74
5,2,40,322.81
5,2,40,302.79
5,2,40,315.72
5,2,40,327.96
5,2,40,336.46
5,2,40,360.75
5,2,40,366.98
5,2,40,358.77
5,2,40,355.77
5,2,40,352.89
5,2,40,335.68
5,2,40,335.72
5,2,40,330.16
5,2,40,326.81
5,2,40,312.99
5,2,40,305.18
5,2,40,305.72
5,2,40,307.53
5,2,40,301.68
5,2,40,304.73
5,2,40,302.31
5,2,40,302.56
5,2,40,317.82
5,2,40,323.61
5,2,40,330.57
5,2,40,335.49
5,2,40,333.26
5,2,40,320.90
5,2,40,326.47
5,2,40,321.55
5,2,40,312.23
5,2,40,316.23
5,2,40,329.80
5,2,40,318.95
5,2,40,322.65
5,2,40,331.93
5,2,40,326.26
5,2,40,309.32
5,2,40,304.01
5,2,40,294.54
5,2,40,289.79
5,2,40,291.33
5,2,40,295.69
5,2,40,310.73
5,2,40,316.44
5,2,40,334.30
5,2,40,368.99
5,2,40,360.88
5,2,40,356.99
5,2,40,359.69
5,2,40,351.71
5,2,40,329.24
5,2,40,342.17
5,2,40,341.44
5,2,40,338.04
5,2,40,327.65
5,2,40,313.50
5,2,40,294.16
5,2,40,289.07
5,2,40,296.63
5,2,40,304.27
5,2,40,313.29
5,2,40,332.28
5,2,40,338.82
5,2,40,329.06
5,2,40,324.46
5,2,40,321.44
5,2,40,348.16
5,2,40,349.02
5,2,40,353.86
5,2,40,352.28
5,2,40,345.90
5,2,40,301.72
5,2,40,299.63
5,2,40,295.31
5,2,40,297.99
5,2,40,296.60
5,2,40,304.37
5,2,40,306.97
5,2,40,330.31
5,2,40,328.20
5,2,40,329.75
5,2,40,325.65
5,2,40,321.73
5,2,40,297.24
5,2,40,298.64
5,2,40,301.09
5,2,40,302.19
5,2,40,302.24
5,2,40,304.40
5,2,40,298.82
5,2,40,299.01
5,2,40,310.65
5,3,60,204.50
5,3,60,432.24
5,3,60,596.36
5,3,60,657.48
5,3,60,854.93
5,3,60,710.48
5,3,60,375.84
5,3,60,679.85
5,3,60,320.36
5,3,60,317.18
5,3,60,321.79
5,3,60,753.28
5,3,60,358.24
5,3,60,354.87
5,3,60,361.57
5,3,60,360.13
5,3,60,300.44
5,3,60,312.36
5,3,60,312.94
5,3,60,308.40
5,3,60,308.08
5,3,60,333.47
5,3,60,318.99
5,3,60,318.77
5,3,60,323.68
5,3,60,327.92
5,3,60,307.96
5,3,60,305.59
5,3,60,342.20
5,3,60,338.49
5,3,60,332.91
5,3,60,329.29
5,3,60,329.54
5,3,60,289.81
5,3,60,290.43
5,3,60,289.10
5,3,60,291.09
5,3,60,293.18
5,3,60,290.88
5,3,60,292.34
5,3,60,298.61
5,3,60,297.78
5,3,60,296.46
5,3,60,305.12
5,3,60,301.62
5,3,60,294.22
5,3,60,289.88
5,3,60,293.88
5,3,60,288.25
5,3,60,286.00
5,3,60,291.91
5,3,60,293.45
5,3,60,295.47
5,3,60,299.87
5,3,60,301.95
5,3,60,324.51
5,3,60,323.09
5,3,60,319.40
5,3,60,314.63
5,3,60,309.88
5,3,60,287.21
5,3,60,301.89
5,3,60,335.74
5,3,60,354.44
5,3,60,361.98
5,3,60,357.36
5,3,60,350.91
5,3,60,317.27
5,3,60,300.50
5,3,60,303.41
5,3,60,301.70
5,3,60,298.23
5,3,60,300.67
5,3,60,300.05
5,3,60,295.27
5,3,60,300.88
5,3,60,319.80
5,3,60,313.02
5,3,60,313.56
5,3,60,314.50
5,3,60,305.50
5,3,60,284.59
5,3,60,289.61
5,3,60,295.87
5,3,60,303.10
5,3,60,311.18
5,3,60,313.21
5,3,60,313.60
5,3,60,318.58
5,3,60,309.33
5,3,60,307.00
5,3,60,306.71
5,3,60,312.80
5,3,60,311.63
5,3,60,318.55
5,3,60,320.63
5,3,60,319.36
5,3,60,350.96
5,3,60,335.02
5,3,60,328.14
5,3,60,327.26
5,3,60,324.49
5,3,60,285.10
5,3,60,292.28
5,3,60,303.58
5,3,60,305.36
5,3,60,319.17
5,3,60,320.36
5,3,60,319.22
5,3,60,305.99
5,3,60,319.53
5,3,60,307.43
5,3,60,302.59
5,3,60,299.88
5,3,60,310.02
5,3,60,321.46
5,3,60,327.92
5,3,60,335.08
5,3,60,336.05
5,3,60,322.13
5,3,60,296.21
5,3,60,292.56
5,3,60,288.59
5,3,60,289.07
5,3,60,294.72
5,3,60,292.24
5,3,60,296.60
5,3,60,297.05
5,3,60,295.64
5,3,60,294.08
5,3,60,297.21
5,3,60,315.01
5,3,60,320.43
5,3,60,325.16
5,3,60,329.13
5,3,60,328.57
5,3,60,309.02
5,3,60,309.82
5,3,60,310.42
5,3,60,310.95
5,3,60,309.03
5,3,60,349.06
5,3,60,352.18
5,3,60,345.54
5,3,60,353.55
5,3,60,346.70
5,3,60,300.11
5,3,60,295.27
5,3,60,302.50
5,3,60,302.20
5,3,60,307.98
5,3,60,311.75
5,3,60,319.64
5,3,60,323.36
5,3,60,320.42
5,3,60,327.92
5,3,60,327.83
5,3,60,319.62
5,3,60,314.90
5,3,60,315.58
5,3,60,315.27
5,3,60,315.72
5,3,60,310.58
5,3,60,308.70
5,3,60,303.47
5,3,60,304.10
5,3,60,303.92
5,3,60,308.77
5,3,60,314.20
5,3,60,313.66
5,3,60,312.59
5,3,60,317.97
5,3,60,320.64
5,3,60,322.61
5,3,60,317.89
5,3,60,313.80
5,3,60,308.96
5,3,60,302.91
5,3,60,298.28
5,3,60,301.57
5,3,60,302.10
5,3,60,301.21
5,3,60,309.30
5,3,60,309.26
5,3,60,307.97
5,3,60,303.29
5,3,60,309.89
5,3,60,303.36
5,3,60,306.08
5,3,60,310.80
5,3,60,316.58
5,3,60,308.00
5,3,60,310.94
5,3,60,306.80
5,3,60,302.53
5,3,60,307.21
5,3,60,311.82
5,3,60,309.05
5,3,60,312.16
5,3,60,320.16
5,3,60,316.96
5,3,60,310.25
5,3,60,304.18
5,3,60,303.10
5,3,60,294.72
5,3,60,313.09
5,3,60,325.32
5,3,60,326.90
5,3,60,323.48
5,3,60,324.02
5,3,60,300.39
5,3,60,289.14
5,3,60,289.20
5,3,60,287.09
5,3,60,295.79
5,3,60,309.96
5,3,60,342.88
5,3,60,353.75
5,3,60,361.19
5,3,60,356.50
5,3,60,341.35
5,3,60,313.97
5,3,60,307.78
5,3,60,303.30
5,3,60,303.18
5,3,60,306.91
5,3,60,305.12
5,3,60,303.97
5,3,60,355.44
5,3,60,346.59
5,3,60,349.12
5,3,60,386.40
5,3,60,418.17
5,3,60,360.85
5,3,60,366.86
5,3,60,363.95
5,3,60,326.78
5,3,60,295.52
5,3,60,298.27
5,3,60,316.10
5,3,60,444.31
5,3,60,510.30
5,3,60,633.75
5,3,60,703.59
5,3,60,738.57
5,3,60,615.52
5,3,60,547.07
5,3,60,421.60
5,3,60,354.99
5,3,60,305.49
5,3,60,297.68
5,3,60,299.00
5,3,60,301.35
5,3,60,301.31
5,3,60,297.56
5,3,60,299.36
5,3,60,300.45
5,3,60,296.44
5,3,60,291.19
5,3,60,325.57
5,3,60,327.26
5,3,60,332.89
5,3,60,334.97
5,3,60,331.49
5,3,60,297.07
5,3,60,294.82
5,3,60,289.73
5,3,60,287.34
5,3,60,304.62
5,3,60,304.39
5,3,60,309.53
5,3,60,306.28
5,3,60,316.32
5,3,60,301.74
5,3,60,299.86
5,3,60,300.48
5,3,60,303.19
5,3,60,301.86
5,3,60,304.09
5,3,60,314.52
5,3,60,312.15
5,3,60,317.07
5,3,60,314.58
5,3,60,314.10
5,3,60,345.59
5,3,60,338.75
5,3,60,341.87
5,3,60,348.72
5,3,60,353.83
5,3,60,314.20
5,3,60,330.82
5,3,60,327.64
5,3,60,319.46
5,3,60,320.69
5,3,60,322.74
5,3,60,310.02
5,3,60,303.94
5,3,60,344.37
5,3,60,348.40
5,3,60,350.31
5,3,60,422.40
5,3,60,454.73
5,3,60,413.91
5,3,60,408.77
5,3,60,428.84
5,4,80,1950.00
5,4,80,2341.72
5,4,80,2680.65
5,4,80,3008.13
5,4,80,3313.68
5,4,80,1690.31
5,4,80,1363.77
5,4,80,1084.84
5,4,80,844.35
5,4,80,602.23
5,4,80,340.82
5,4,80,339.61
5,4,80,341.77
5,4,80,321.39
5,4,80,317.06
5,4,80,323.45
5,4,80,318.41
5,4,80,323.58
5,4,80,322.35
5,4,80,322.85
5,4,80,309.47
5,4,80,308.24
5,4,80,296.92
5,4,80,288.11
5,4,80,282.27
5,4,80,282.73
5,4,80,284.76
5,4,80,282.68
5,4,80,282.08
5,4,80,288.68
5,4,80,299.12
5,4,80,297.15
5,4,80,306.78
5,4,80,321.58
5,4,80,324.84
5,4,80,309.35
5,4,80,343.27
5,4,80,337.84
5,4,80,321.00
5,4,80,312.79
5,4,80,319.13
5,4,80,289.68
5,4,80,295.84
5,4,80,296.94
5,4,80,299.81
5,4,80,298.94
5,4,80,302.14
5,4,80,293.54
5,4,80,293.30
5,4,80,293.70
5,4,80,290.16
5,4,80,278.41
5,4,80,276.61
5,4,80,277.69
5,4,80,277.95
5,4,80,279.81
5,4,80,285.54
5,4,80,289.37
5,4,80,316.57
5,4,80,321.37
5,4,80,321.35
5,4,80,323.05
5,4,80,322.41
5,4,80,301.17
5,4,80,306.73
5,4,80,302.92
5,4,80,296.36
5,4,80,296.97
5,4,80,301.18
5,4,80,290.45
5,4,80,304.33
5,4,80,327.54
5,4,80,329.62
5,4,80,329.24
5,4,80,339.71
5,4,80,337.26
5,4,80,352.78
5,4,80,363.31
5,4,80,380.13
5,4,80,375.44
5,4,80,380.86
5,4,80,418.26
5,4,80,423.55
5,4,80,421.08
5,4,80,422.70
5,4,80,414.41
5,4,80,343.31
5,4,80,349.22
5,4,80,326.63
5,4,80,327.99
5,4,80,327.78
5,4,80,335.81
5,4,80,341.15
5,4,80,343.07
5,4,80,341.52
5,4,80,352.40
5,4,80,348.90
5,4,80,321.30
5,4,80,325.26
5,4,80,324.81
5,4,80,323.57
5,4,80,324.53
5,4,80,329.71
5,4,80,334.64
5,4,80,344.14
5,4,80,339.00
5,4,80,333.66
5,4,80,328.97
5,4,80,326.89
5,4,80,316.65
5,4,80,314.17
5,4,80,322.13
5,4,80,324.76
5,4,80,316.17
5,4,80,314.48
5,4,80,323.26
5,4,80,320.51
5,4,80,323.41
5,4,80,336.02
5,4,80,338.99
5,4,80,333.43
5,4,80,332.83
5,4,80,331.40
5,4,80,320.18
5,4,80,316.79
5,4,80,313.51
5,4,80,311.55
5,4,80,313.83
5,4,80,319.60
5,4,80,327.60
5,4,80,329.69
5,4,80,335.71
5,4,80,335.92
5,4,80,356.99
5,4,80,348.15
5,4,80,345.94
5,4,80,336.80
5,4,80,335.06
5,4,80,307.26
5,4,80,324.47
5,4,80,333.55
5,4,80,346.23
5,4,80,344.35
5,4,80,353.95
5,4,80,343.65
5,4,80,328.63
5,4,80,313.34
5,4,80,313.95
5,4,80,312.15
5,4,80,317.01
5,4,80,317.84
5,4,80,326.12
5,4,80,324.49
5,4,80,316.52
5,4,80,302.23
5,4,80,303.89
5,4,80,302.03
5,4,80,303.12
5,4,80,307.32
5,4,80,308.49
5,4,80,307.60
5,4,80,308.34
5,4,80,312.28
5,4,80,309.95
5,4,80,310.96
5,4,80,325.10
5,4,80,343.03
5,4,80,341.70
5,4,80,347.99
5,4,80,354.81
5,4,80,339.19
5,4,80,325.69
5,4,80,326.60
5,4,80,321.64
5,4,80,315.72
5,4,80,335.73
5,4,80,329.38
5,4,80,326.64
5,4,80,327.41
5,4,80,330.73
5,4,80,313.17
5,4,80,320.88
5,4,80,320.03
5,4,80,317.01
5,4,80,312.56
5,4,80,315.60
5,4,80,303.72
5,4,80,301.30
5,4,80,301.81
5,4,80,299.42
5,4,80,301.89
5,4,80,347.43
5,4,80,346.05
5,4,80,349.32
5,4,80,352.64
5,4,80,350.52
5,4,80,313.40
5,4,80,325.07
5,4,80,325.00
5,4,80,324.42
5,4,80,320.90
5,4,80,318.45
5,4,80,312.70
5,4,80,313.26
5,4,80,314.86
5,4,80,311.73
5,4,80,309.95
5,4,80,306.15
5,4,80,320.76
5,4,80,353.04
5,4,80,353.56
5,4,80,376.69
5,4,80,375.00
5,4,80,353.43
5,4,80,317.68
5,4,80,319.87
5,4,80,336.92
5,4,80,341.71
5,4,80,342.64
5,4,80,347.75
5,4,80,349.31
5,4,80,306.61
5,4,80,298.92
5,4,80,308.59
5,4,80,338.88
5,4,80,340.04
5,4,80,366.13
5,4,80,370.64
5,4,80,364.88
5,4,80,338.51
5,4,80,331.70
5,4,80,308.42
5,4,80,311.42
5,4,80,309.73
5,4,80,302.95
5,4,80,306.09
5,4,80,300.91
5,4,80,295.77
5,4,80,298.32
5,4,80,321.07
5,4,80,318.45
5,4,80,317.90
5,4,80,319.19
5,4,80,317.21
5,4,80,296.15
5,4,80,302.95
5,4,80,304.16
5,4,80,299.52
5,4,80,301.88
5,4,80,296.96
5,4,80,294.53
5,4,80,292.85
5,4,80,291.79
5,4,80,283.40
5,4,80,289.98
5,4,80,297.80
5,4,80,303.55
5,4,80,309.16
5,4,80,310.85
5,4,80,305.29
5,4,80,298.00
5,4,80,298.43
5,4,80,299.85
5,4,80,331.77
5,5,100,410.86
5,5,100,732.92
5,5,100,796.87
5,5,100,855.48
5,5,100,915.86
5,5,100,562.42
5,5,100,315.08
5,5,100,313.38
5,5,100,311.95
5,5,100,323.49
5,5,100,325.69
5,5,100,317.15
5,5,100,315.76
5,5,100,317.54
5,5,100,305.58
5,5,100,306.03
5,5,100,352.08
5,5,100,353.13
5,5,100,355.60
5,5,100,354.43
5,5,100,357.85
5,5,100,304.51
5,5,100,302.61
5,5,100,323.59
5,5,100,323.68
5,5,100,317.75
5,5,100,313.52
5,5,100,338.80
5,5,100,317.16
5,5,100,326.82
5,5,100,334.65
5,5,100,338.22
5,5,100,313.84
5,5,100,312.88
5,5,100,300.74
5,5,100,294.45
5,5,100,294.28
5,5,100,292.70
5,5,100,302.91
5,5,100,305.94
5,5,100,302.24
5,5,100,328.26
5,5,100,329.10
5,5,100,321.83
5,5,100,320.04
5,5,100,326.90
5,5,100,308.85
5,5,100,309.13
5,5,100,305.08
5,5,100,305.85
5,5,100,304.80
5,5,100,302.38
5,5,100,304.34
5,5,100,306.53
5,5,100,309.47
5,5,100,346.49
5,5,100,336.83
5,5,100,333.21
5,5,100,363.45
5,5,100,360.95
5,5,100,324.44
5,5,100,368.00
5,5,100,365.35
5,5,100,337.99
5,5,100,335.25
5,5,100,334.05
5,5,100,296.27
5,5,100,296.81
5,5,100,291.49
5,5,100,301.60
5,5,100,297.64
5,5,100,296.17
5,5,100,296.42
5,5,100,298.09
5,5,100,291.75
5,5,100,292.77
5,5,100,295.83
5,5,100,294.99
5,5,100,292.90
5,5,100,292.12
5,5,100,289.96
5,5,100,289.83
5,5,100,298.85
5,5,100,310.96
5,5,100,314.18
5,5,100,324.86
5,5,100,317.93
5,5,100,313.25
5,5,100,301.98
5,5,100,302.69
5,5,100,296.33
5,5,100,298.17
5,5,100,296.48
5,5,100,293.07
5,5,100,332.54
5,5,100,333.61
5,5,100,343.40
5,5,100,363.69
5,5,100,370.98
5,5,100,326.48
5,5,100,327.14
5,5,100,316.38
5,5,100,296.16
5,5,100,305.51
5,5,100,334.11
5,5,100,328.68
5,5,100,340.15
5,5,100,346.37
5,5,100,341.04
5,5,100,324.11
5,5,100,355.09
5,5,100,359.66
5,5,100,380.42
5,5,100,378.84
5,5,100,374.84
5,5,100,345.84
5,5,100,333.23
5,5,100,304.09
5,5,100,295.15
5,5,100,289.38
5,5,100,289.75
5,5,100,291.61
5,5,100,306.14
5,5,100,310.91
5,5,100,312.26
5,5,100,310.19
5,5,100,312.32
5,5,100,302.31
5,5,100,301.56
5,5,100,304.95
5,5,100,307.19
5,5,100,306.62
5,5,100,304.80
5,5,100,301.76
5,5,100,296.21
5,5,100,307.81
5,5,100,334.29
5,5,100,337.32
5,5,100,335.18
5,5,100,338.78
5,5,100,346.40
5,5,100,320.98
5,5,100,321.61
5,5,100,329.07
5,5,100,329.55
5,5,100,316.07
5,5,100,319.01
5,5,100,323.04
5,5,100,347.89
5,5,100,352.02
5,5,100,352.99
5,5,100,350.71
5,5,100,348.43
5,5,100,329.39
5,5,100,351.35
5,5,100,347.60
5,5,100,357.18
5,5,100,355.69
5,5,100,351.69
5,5,100,324.62
5,5,100,325.77
5,5,100,321.27
5,5,100,325.00
5,5,100,342.54
5,5,100,338.64
5,5,100,344.43
5,5,100,336.50
5,5,100,334.82
5,5,100,319.58
5,5,100,321.99
5,5,100,315.27
5,5,100,312.52
5,5,100,305.22
5,5,100,318.78
5,5,100,377.38
5,5,100,382.66
5,5,100,381.83
5,5,100,388.99
5,5,100,375.01
5,5,100,314.07
5,5,100,314.14
5,5,100,325.83
5,5,100,379.95
5,5,100,446.15
5,5,100,505.91
5,5,100,622.17
5,5,100,774.27
5,5,100,717.96
5,5,100,641.51
5,5,100,586.28
5,5,100,478.08
5,5,100,318.23
5,5,100,318.59
5,5,100,392.03
5,5,100,388.17
5,5,100,387.54
5,5,100,405.69
5,5,100,403.22
5,5,100,338.00
5,5,100,339.21
5,5,100,330.24
5,5,100,326.72
5,5,100,325.50
5,5,100,316.75
5,5,100,366.31
5,5,100,359.21
5,5,100,346.98
5,5,100,349.29
5,5,100,362.59
5,5,100,314.18
5,5,100,325.68
5,5,100,326.06
5,5,100,345.49
5,5,100,334.28
5,5,100,332.97
5,5,100,324.41
5,5,100,317.92
5,5,100,320.37
5,5,100,327.40
5,5,100,326.68
5,5,100,321.87
5,5,100,322.42
5,5,100,294.33
5,5,100,290.32
5,5,100,297.57
5,5,100,304.78
5,5,100,334.98
5,5,100,339.34
5,5,100,360.87
5,5,100,356.67
5,5,100,352.90
5,5,100,376.07
5,5,100,386.87
5,5,100,379.73
5,5,100,384.92
5,5,100,398.24
5,5,100,351.67
5,5,100,428.25
5,5,100,428.00
5,5,100,422.77
5,5,100,416.66
5,5,100,423.27
5,5,100,345.99
5,5,100,340.28
5,5,100,354.43
5,5,100,359.66
5,5,100,358.94
5,5,100,362.83
5,5,100,358.02
5,5,100,381.86
5,5,100,367.96
5,5,100,359.84
5,5,100,353.35
5,5,100,370.84
5,5,100,339.79
5,5,100,343.53
5,5,100,341.60
5,5,100,333.16
5,5,100,313.74
5,5,100,303.30
5,5,100,320.19
5,5,100,329.41
5,5,100,336.44
5,5,100,336.11
5,5,100,342.68
5,5,100,344.26
5,5,100,335.12
5,5,100,337.05
5,5,100,335.68
5,5,100,330.18
5,5,100,317.15
5,5,100,321.15
5,5,100,310.30
5,5,100,313.59
5,5,100,315.98
5,5,100,324.11
5,5,100,322.44
5,5,100,337.26
5,5,100,337.79
5,5,100,340.78
5,5,100,342.79
5,5,100,350.30
5,5,100,355.93
5,5,100,356.11
5,5,100,363.48
5,5,100,353.29
5,5,100,343.97
5,5,100,330.29
5,5,100,328.07
5,5,100,319.72
5,5,100,319.69
6,1,16,71.06
6,1,16,130.06
6,1,16,191.20
6,1,16,245.37
6,1,16,352.50
6,1,16,350.05
6,1,16,363.03
6,1,16,368.86
6,1,16,381.79
6,1,16,330.74
6,1,16,320.45
6,1,16,302.48
6,1,16,295.17
6,1,16,290.68
6,1,16,289.70
6,1,16,283.71
6,1,16,286.82
6,1,16,285.90
6,1,16,276.08
6,1,16,280.04
6,1,16,281.64
6,1,16,287.83
6,1,16,280.99
6,1,16,286.20
6,1,16,284.01
6,1,16,288.03
6,1,16,285.51
6,1,16,291.73
6,1,16,291.71
6,1,16,293.09
6,1,16,296.40
6,1,16,290.43
6,1,16,287.64
6,1,16,287.98
6,1,16,292.90
6,1,16,291.46
6,1,16,294.32
6,1,16,299.15
6,1,16,292.51
6,1,16,285.92
6,1,16,280.40
6,1,16,282.61
6,1,16,284.00
6,1,16,282.99
6,1,16,280.55
6,1,16,282.40
6,1,16,279.42
6,1,16,284.24
6,1,16,286.53
6,1,16,292.71
6,1,16,284.61
6,1,16,285.98
6,1,16,273.86
6,1,16,277.57
6,1,16,272.36
6,1,16,288.22
6,1,16,303.49
6,1,16,306.58
6,1,16,305.76
6,1,16,308.38
6,1,16,297.38
6,1,16,280.51
6,1,16,286.70
6,1,16,286.29
6,1,16,282.39
6,1,16,288.80
6,1,16,286.86
6,1,16,278.90
6,1,16,283.23
6,1,16,286.94
6,1,16,284.05
6,1,16,290.87
6,1,16,292.95
6,1,16,286.56
6,1,16,287.57
6,1,16,286.07
6,1,16,285.24
6,1,16,284.91
6,1,16,286.38
6,1,16,282.72
6,1,16,282.40
6,1,16,275.06
6,1,16,278.34
6,1,16,278.63
6,1,16,285.41
6,1,16,283.42
6,1,16,290.79
6,1,16,285.11
6,1,16,288.36
6,1,16,287.84
6,1,16,295.08
6,1,16,291.16
6,1,16,294.16
6,1,16,289.99
6,1,16,282.96
6,1,16,283.88
6,1,16,286.23
6,1,16,290.14
6,1,16,293.05
6,1,16,301.13
6,1,16,301.29
6,1,16,301.78
6,1,16,297.24
6,1,16,296.63
6,1,16,322.79
6,1,16,317.47
6,1,16,312.83
6,1,16,309.45
6,1,16,311.01
6,1,16,284.72
6,1,16,292.29
6,1,16,305.22
6,1,16,313.71
6,1,16,319.49
6,1,16,317.61
6,1,16,307.82
6,1,16,290.97
6,1,16,282.28
6,1,16,271.82
6,1,16,266.60
6,1,16,274.27
6,1,16,282.02
6,1,16,288.75
6,1,16,292.45
6,1,16,319.18
6,1,16,319.96
6,1,16,320.31
6,1,16,310.94
6,1,16,315.61
6,1,16,295.64
6,1,16,287.47
6,1,16,297.42
6,1,16,304.45
6,1,16,302.38
6,1,16,293.47
6,1,16,288.95
6,1,16,276.81
6,1,16,273.33
6,1,16,272.41
6,1,16,275.20
6,1,16,285.16
6,1,16,289.69
6,1,16,288.21
6,1,16,277.20
6,1,16,284.06
6,1,16,282.38
6,1,16,275.16
6,1,16,280.85
6,1,16,289.66
6,1,16,284.91
6,1,16,285.33
6,1,16,289.19
6,1,16,287.36
6,1,16,287.26
6,1,16,285.04
6,1,16,281.70
6,1,16,277.04
6,1,16,278.92
6,1,16,281.77
6,1,16,287.12
6,1,16,293.29
6,1,16,292.46
6,1,16,289.39
6,1,16,288.21
6,1,16,288.64
6,1,16,287.40
6,1,16,292.12
6,1,16,299.42
6,1,16,296.19
6,1,16,293.89
6,1,16,285.92
6,1,16,290.94
6,1,16,286.97
6,1,16,288.06
6,1,16,286.96
6,1,16,296.24
6,1,16,292.33
6,1,16,286.86
6,1,16,287.85
6,1,16,290.27
6,1,16,289.85
6,1,16,290.42
6,1,16,290.06
6,1,16,286.22
6,1,16,282.79
6,1,16,281.91
6,1,16,281.50
6,1,16,296.00
6,1,16,296.86
6,1,16,290.65
6,1,16,283.14
6,1,16,276.59
6,1,16,262.13
6,1,16,264.55
6,1,16,267.41
6,1,16,268.40
6,1,16,270.33
6,1,16,276.14
6,1,16,273.53
6,1,16,271.22
6,1,16,280.93
6,1,16,287.41
6,1,16,285.58
6,1,16,288.13
6,1,16,297.49
6,1,16,291.63
6,1,16,282.54
6,1,16,279.05
6,1,16,276.96
6,1,16,268.79
6,1,16,268.74
6,1,16,275.43
6,1,16,275.75
6,1,16,283.09
6,1,16,289.67
6,1,16,284.97
6,1,16,285.20
6,1,16,287.98
6,1,16,282.58
6,1,16,286.35
6,1,16,291.19
6,1,16,287.91
6,1,16,286.63
6,1,16,284.78
6,1,16,283.43
6,1,16,277.86
6,1,16,277.80
6,1,16,282.29
6,1,16,298.42
6,1,16,293.71
6,1,16,302.31
6,1,16,298.92
6,1,16,289.80
6,1,16,275.01
6,1,16,271.89
6,1,16,270.58
6,1,16,269.10
6,1,16,276.02
6,1,16,278.57
6,1,16,280.66
6,1,16,275.24
6,1,16,284.58
6,1,16,289.67
6,1,16,292.75
6,1,16,293.56
6,1,16,298.41
6,1,16,291.33
6,1,16,282.30
6,1,16,276.64
6,1,16,273.13
6,1,16,266.32
6,1,16,266.00
6,1,16,270.00
6,1,16,271.11
6,1,16,279.47
6,1,16,294.65
6,1,16,297.91
6,1,16,290.07
6,1,16,295.76
6,1,16,292.44
6,1,16,278.79
6,1,16,288.85
6,1,16,299.95
6,1,16,298.92
6,1,16,299.52
6,1,16,302.14
6,1,16,296.53
6,1,16,286.46
6,1,16,278.44
6,1,16,274.65
6,1,16,272.01
6,1,16,268.10
6,1,16,273.45
6,1,16,277.20
6,1,16,274.24
6,1,16,272.70
6,1,16,272.17
6,1,16,265.35
6,1,16,267.50
6,1,16,273.07
6,1,16,282.93
6,1,16,288.10
6,1,16,295.06
6,1,16,293.33
6,1,16,315.68
6,1,16,308.81
6,1,16,304.55
6,1,16,301.81
6,1,16,306.43
6,1,16,288.76
6,1,16,290.92
6,1,16,287.66
6,1,16,289.00
6,1,16,282.60
6,1,16,277.24
6,1,16,275.27
6,1,16,277.96
6,1,16,280.93
6,1,16,285.83
6,1,16,287.83
6,1,16,291.58
6,1,16,301.16
6,1,16,298.75
6,1,16,293.58
6,1,16,294.12
6,1,16,327.46
6,1,16,321.08
6,1,16,319.30
6,1,16,317.32
6,1,16,312.06
6,1,16,282.97
6,1,16,281.09
6,1,16,292.54
6,1,16,337.67
6,1,16,341.39
6,1,16,335.77
6,1,16,331.27
6,1,16,324.26
6,1,16,278.67
6,1,16,281.53
6,1,16,279.15
6,1,16,285.59
6,1,16,279.58
6,1,16,285.38
6,1,16,277.56
6,1,16,277.81
6,1,16,267.53
6,1,16,269.10
6,1,16,266.78
6,1,16,271.25
6,1,16,275.40
6,1,16,281.06
6,1,16,283.23
6,1,16,321.87
6,1,16,321.32
6,1,16,320.64
6,1,16,324.12
6,1,16,329.72
6,1,16,292.06
6,1,16,292.52
6,1,16,289.67
6,1,16,289.78
6,1,16,282.05
6,1,16,286.54
6,1,16,288.61
6,1,16,289.07
6,1,16,290.51
6,1,16,299.88
6,1,16,296.62
6,2,33,2607.33
6,2,33,3095.49
6,2,33,5589.43
6,2,33,7348.69
6,2,33,7840.76
6,2,33,5688.16
6,2,33,5445.98
6,2,33,3103.59
6,2,33,911.50
6,2,33,1526.91
6,2,33,390.37
6,2,33,801.75
6,2,33,462.46
6,2,33,456.51
6,2,33,393.15
6,2,33,403.86
6,2,33,299.29
6,2,33,297.64
6,2,33,304.27
6,2,33,300.82
6,2,33,289.34
6,2,33,288.96
6,2,33,304.58
6,2,33,306.08
6,2,33,319.59
6,2,33,323.42
6,2,33,324.28
6,2,33,323.03
6,2,33,327.46
6,2,33,310.63
6,2,33,308.37
6,2,33,310.11
6,2,33,294.77
6,2,33,279.59
6,2,33,299.80
6,2,33,302.99
6,2,33,300.95
6,2,33,309.22
6,2,33,317.05
6,2,33,300.74
6,2,33,302.19
6,2,33,302.29
6,2,33,295.44
6,2,33,293.23
6,2,33,314.62
6,2,33,303.73
6,2,33,300.70
6,2,33,306.96
6,2,33,313.48
6,2,33,291.09
6,2,33,296.36
6,2,33,302.20
6,2,33,298.24
6,2,33,290.40
6,2,33,292.62
6,2,33,293.65
6,2,33,280.93
6,2,33,276.64
6,2,33,276.00
6,2,33,276.04
6,2,33,277.91
6,2,33,290.10
6,2,33,293.16
6,2,33,299.72
6,2,33,295.25
6,2,33,303.06
6,2,33,294.02
6,2,33,291.77
6,2,33,290.69
6,2,33,297.63
6,2,33,288.30
6,2,33,292.11
6,2,33,296.15
6,2,33,294.11
6,2,33,296.08
6,2,33,294.56
6,2,33,291.74
6,2,33,284.59
6,2,33,287.55
6,2,33,286.59
6,2,33,291.80
6,2,33,301.58
6,2,33,309.69
6,2,33,307.08
6,2,33,302.79
6,2,33,303.52
6,2,33,296.52
6,2,33,289.25
6,2,33,287.84
6,2,33,299.84
6,2,33,302.01
6,2,33,303.11
6,2,33,304.95
6,2,33,299.68
6,2,33,289.46
6,2,33,283.35
6,2,33,292.85
6,2,33,303.03
6,2,33,310.86
6,2,33,309.26
6,2,33,332.92
6,2,33,323.39
6,2,33,307.86
6,2,33,305.33
6,2,33,302.53
6,2,33,286.51
6,2,33,284.06
6,2,33,291.39
6,2,33,300.62
6,2,33,429.81
6,2,33,483.49
6,2,33,542.87
6,2,33,665.91
6,2,33,658.68
6,2,33,533.98
6,2,33,475.59
6,2,33,417.66
6,2,33,299.68
6,2,33,304.94
6,2,33,314.17
6,2,33,320.32
6,2,33,332.11
6,2,33,333.95
6,2,33,336.08
6,2,33,329.03
6,2,33,319.83
6,2,33,309.52
6,2,33,310.67
6,2,33,321.47
6,2,33,324.51
6,2,33,327.52
6,2,33,329.23
6,2,33,331.90
6,2,33,321.70
6,2,33,323.30
6,2,33,375.45
6,2,33,371.97
6,2,33,363.80
6,2,33,357.23
6,2,33,439.90
6,2,33,391.12
6,2,33,394.05
6,2,33,395.21
6,2,33,393.80
6,2,33,306.96
6,2,33,299.92
6,2,33,303.79
6,2,33,303.40
6,2,33,299.83
6,2,33,292.20
6,2,33,297.69
6,2,33,312.01
6,2,33,315.39
6,2,33,313.68
6,2,33,318.27
6,2,33,315.49
6,2,33,295.84
6,2,33,298.70
6,2,33,308.73
6,2,33,310.41
6,2,33,313.61
6,2,33,314.00
6,2,33,303.53
6,2,33,289.70
6,2,33,291.12
6,2,33,289.90
6,2,33,284.57
6,2,33,282.06
6,2,33,294.25
6,2,33,294.58
6,2,33,348.32
6,2,33,353.94
6,2,33,360.56
6,2,33,355.57
6,2,33,343.86
6,2,33,289.76
6,2,33,290.41
6,2,33,283.97
6,2,33,285.90
6,2,33,296.53
6,2,33,298.45
6,2,33,295.84
6,2,33,299.45
6,2,33,297.80
6,2,33,292.45
6,2,33,285.45
6,2,33,284.82
6,2,33,328.05
6,3,50,304.59
6,3,50,468.94
6,3,50,718.87
6,3,50,1023.22
6,3,50,778.44
6,3,50,420.97
6,3,50,1295.97
6,3,50,340.75
6,3,50,344.18
6,3,50,1168.79
6,3,50,404.95
6,3,50,405.13
6,3,50,833.87
6,3,50,404.70
6,3,50,406.72
6,3,50,879.20
6,3,50,392.99
6,3,50,387.38
6,3,50,385.30
6,3,50,837.96
6,3,50,365.79
6,3,50,368.10
6,3,50,367.27
6,3,50,363.06
6,3,50,312.89
6,3,50,325.24
6,3,50,327.17
6,3,50,328.34
6,3,50,331.27
6,3,50,328.09
6,3,50,305.37
6,3,50,305.82
6,3,50,307.84
6,3,50,309.08
6,3,50,311.04
6,3,50,325.50
6,3,50,380.94
6,3,50,379.43
6,3,50,372.25
6,3,50,364.66
6,3,50,362.61
6,3,50,302.14
6,3,50,325.52
6,3,50,328.78
6,3,50,328.49
6,3,50,319.79
6,3,50,320.15
6,3,50,295.08
6,3,50,302.89
6,3,50,308.69
6,3,50,309.20
6,3,50,312.61
6,3,50,310.97
6,3,50,302.64
6,3,50,299.84
6,3,50,303.58
6,3,50,296.33
6,3,50,297.64
6,3,50,299.03
6,3,50,320.51
6,3,50,315.08
6,3,50,316.89
6,3,50,348.25
6,3,50,348.38
6,3,50,330.40
6,3,50,349.07
6,3,50,349.71
6,3,50,319.12
6,3,50,316.86
6,3,50,317.48
6,3,50,303.77
6,3,50,302.95
6,3,50,302.00
6,3,50,319.68
6,3,50,323.63
6,3,50,318.88
6,3,50,321.55
6,3,50,314.55
6,3,50,297.06
6,3,50,297.23
6,3,50,297.48
6,3,50,316.64
6,3,50,322.48
6,3,50,325.73
6,3,50,314.55
6,3,50,324.28
6,3,50,305.43
6,3,50,308.62
6,3,50,306.14
6,3,50,311.19
6,3,50,307.61
6,3,50,343.62
6,3,50,336.67
6,3,50,338.40
6,3,50,335.73
6,3,50,326.42
6,3,50,282.85
6,3,50,285.55
6,3,50,294.37
6,3,50,293.92
6,3,50,300.84
6,3,50,306.89
6,3,50,301.65
6,3,50,289.42
6,3,50,288.87
6,3,50,294.54
6,3,50,292.84
6,3,50,302.78
6,3,50,301.67
6,3,50,305.80
6,3,50,303.92
6,3,50,304.43
6,3,50,300.15
6,3,50,305.78
6,3,50,305.78
6,3,50,301.36
6,3,50,299.90
6,3,50,300.27
6,3,50,295.53
6,3,50,292.75
6,3,50,298.06
6,3,50,301.46
6,3,50,300.91
6,3,50,338.57
6,3,50,347.23
6,3,50,339.14
6,3,50,336.99
6,3,50,336.40
6,3,50,303.72
6,3,50,528.38
6,3,50,530.16
6,3,50,528.61
6,3,50,528.88
6,3,50,525.53
6,3,50,293.40
6,3,50,297.21
6,3,50,317.26
6,3,50,324.45
6,3,50,330.07
6,3,50,334.72
6,3,50,338.44
6,3,50,321.51
6,3,50,316.19
6,3,50,317.94
6,3,50,324.71
6,3,50,323.52
6,3,50,324.12
6,3,50,325.07
6,3,50,325.16
6,3,50,314.61
6,3,50,309.56
6,3,50,311.28
6,3,50,314.73
6,3,50,312.94
6,3,50,310.67
6,3,50,311.02
6,3,50,318.99
6,3,50,316.50
6,3,50,314.20
6,3,50,314.50
6,3,50,328.54
6,3,50,324.85
6,3,50,332.86
6,3,50,333.93
6,3,50,340.00
6,3,50,325.73
6,3,50,320.52
6,3,50,312.27
6,3,50,309.86
6,3,50,308.70
6,3,50,311.65
6,3,50,316.33
6,3,50,311.44
6,3,50,320.72
6,3,50,323.63
6,3,50,318.59
6,3,50,311.89
6,3,50,338.65
6,3,50,331.40
6,3,50,347.73
6,3,50,347.66
6,3,50,355.26
6,3,50,336.76
6,3,50,332.03
6,3,50,311.40
6,3,50,313.12
6,3,50,308.32
6,3,50,308.15
6,3,50,316.26
6,3,50,318.00
6,3,50,329.78
6,3,50,324.24
6,3,50,317.87
6,3,50,310.61
6,3,50,310.06
6,3,50,295.92
6,3,50,302.57
6,3,50,305.07
6,3,50,310.79
6,3,50,311.96
6,3,50,322.31
6,3,50,322.97
6,3,50,315.96
6,3,50,302.50
6,3,50,303.55
6,3,50,298.43
6,3,50,293.97
6,3,50,318.34
6,3,50,325.26
6,3,50,317.40
6,3,50,332.17
6,3,50,330.14
6,3,50,338.76
6,3,50,408.70
6,3,50,472.08
6,3,50,511.96
6,3,50,577.31
6,3,50,678.31
6,3,50,666.06
6,3,50,643.09
6,3,50,587.78
6,3,50,521.41
6,3,50,411.49
6,3,50,357.37
6,3,50,322.31
6,3,50,319.27
6,3,50,324.53
6,3,50,302.93
6,3,50,303.45
6,3,50,298.35
6,3,50,302.36
6,3,50,299.82
6,3,50,304.02
6,3,50,302.87
6,3,50,307.14
6,3,50,302.71
6,3,50,302.05
6,3,50,293.45
6,3,50,295.07
6,3,50,293.35
6,3,50,290.04
6,3,50,290.94
6,3,50,303.65
6,3,50,304.63
6,3,50,308.64
6,3,50,313.21
6,3,50,319.13
6,3,50,311.63
6,3,50,314.85
6,3,50,310.16
6,3,50,307.31
6,3,50,299.47
6,3,50,313.86
6,3,50,304.61
6,3,50,306.88
6,3,50,308.26
6,3,50,313.15
6,3,50,306.96
6,3,50,320.69
6,3,50,319.75
6,3,50,325.85
6,3,50,323.47
6,3,50,312.18
6,3,50,302.76
6,3,50,301.94
6,3,50,305.51
6,3,50,304.88
6,3,50,316.06
6,3,50,319.75
6,3,50,323.00
6,3,50,314.38
6,3,50,338.95
6,3,50,336.12
6,3,50,335.19
6,3,50,338.37
6,3,50,337.83
6,3,50,313.54
6,3,50,312.71
6,3,50,326.26
6,3,50,324.76
6,3,50,333.01
6,3,50,335.74
6,3,50,331.31
6,3,50,309.59
6,3,50,334.63
6,3,50,328.32
6,3,50,328.25
6,3,50,356.34
6,3,50,360.29
6,4,66,298.55
6,4,66,533.13
6,4,66,294.59
6,4,66,842.66
6,4,66,951.39
6,4,66,477.66
6,4,66,473.44
6,4,66,1188.24
6,4,66,406.56
6,4,66,357.88
6,4,66,361.25
6,4,66,363.55
6,4,66,309.94
6,4,66,314.49
6,4,66,314.72
6,4,66,309.58
6,4,66,309.86
6,4,66,304.74
6,4,66,299.79
6,4,66,296.88
6,4,66,298.67
6,4,66,301.38
6,4,66,297.46
6,4,66,385.47
6,4,66,387.65
6,4,66,388.81
6,4,66,401.22
6,4,66,403.98
6,4,66,313.61
6,4,66,319.83
6,4,66,317.68
6,4,66,301.69
6,4,66,305.14
6,4,66,306.11
6,4,66,295.43
6,4,66,357.55
6,4,66,360.99
6,4,66,354.72
6,4,66,362.49
6,4,66,397.66
6,4,66,367.28
6,4,66,367.13
6,4,66,390.35
6,4,66,387.90
6,4,66,355.82
6,4,66,326.43
6,4,66,321.40
6,4,66,326.02
6,4,66,338.93
6,4,66,339.29
6,4,66,336.95
6,4,66,339.43
6,4,66,311.15
6,4,66,290.70
6,4,66,327.20
6,4,66,328.58
6,4,66,327.79
6,4,66,329.11
6,4,66,329.59
6,4,66,292.57
6,4,66,289.23
6,4,66,291.83
6,4,66,290.33
6,4,66,292.29
6,4,66,294.29
6,4,66,295.15
6,4,66,299.54
6,4,66,298.28
6,4,66,305.58
6,4,66,302.85
6,4,66,302.21
6,4,66,292.85
6,4,66,293.21
6,4,66,292.23
6,4,66,298.45
6,4,66,309.01
6,4,66,323.89
6,4,66,326.41
6,4,66,334.75
6,4,66,333.32
6,4,66,333.87
6,4,66,323.89
6,4,66,321.54
6,4,66,308.24
6,4,66,312.26
6,4,66,309.50
6,4,66,305.20
6,4,66,340.05
6,4,66,342.87
6,4,66,340.75
6,4,66,335.77
6,4,66,343.48
6,4,66,316.96
6,4,66,325.97
6,4,66,319.93
6,4,66,320.36
6,4,66,319.26
6,4,66,324.14
6,4,66,313.25
6,4,66,316.36
6,4,66,320.86
6,4,66,318.60
6,4,66,304.59
6,4,66,311.34
6,4,66,310.56
6,4,66,307.77
6,4,66,304.19
6,4,66,305.47
6,4,66,296.03
6,4,66,286.51
6,4,66,281.58
6,4,66,283.09
6,4,66,298.55
6,4,66,297.79
6,4,66,309.20
6,4,66,316.99
6,4,66,326.00
6,4,66,311.19
6,4,66,305.97
6,4,66,299.73
6,4,66,301.07
6,4,66,295.84
6,4,66,288.81
6,4,66,303.14
6,4,66,324.84
6,4,66,317.65
6,4,66,312.46
6,4,66,318.76
6,4,66,308.94
6,4,66,288.06
6,4,66,311.76
6,4,66,314.44
6,4,66,313.97
6,4,66,317.80
6,4,66,318.37
6,4,66,327.74
6,4,66,327.12
6,4,66,327.48
6,4,66,330.17
6,4,66,331.10
6,4,66,299.53
6,4,66,297.47
6,4,66,301.13
6,4,66,299.27
6,4,66,301.34
6,4,66,293.59
6,4,66,299.36
6,4,66,295.06
6,4,66,296.01
6,4,66,369.13
6,4,66,372.59
6,4,66,379.19
6,4,66,383.16
6,4,66,377.84
6,4,66,302.23
6,4,66,306.86
6,4,66,298.86
6,4,66,297.55
6,4,66,320.25
6,4,66,319.33
6,4,66,312.99
6,4,66,314.34
6,4,66,313.46
6,4,66,286.86
6,4,66,303.91
6,4,66,308.37
6,4,66,300.71
6,4,66,291.23
6,4,66,296.43
6,4,66,281.66
6,4,66,282.84
6,4,66,290.76
6,4,66,303.17
6,4,66,297.62
6,4,66,295.27
6,4,66,290.45
6,4,66,300.21
6,4,66,292.83
6,4,66,294.53
6,4,66,296.85
6,4,66,297.67
6,4,66,283.09
6,4,66,282.28
6,4,66,283.62
6,4,66,275.76
6,4,66,292.27
6,4,66,291.27
6,4,66,292.54
6,4,66,294.70
6,4,66,313.79
6,4,66,303.73
6,4,66,305.02
6,4,66,308.53
6,4,66,306.23
6,4,66,295.35
6,4,66,310.39
6,4,66,310.12
6,4,66,309.50
6,4,66,333.69
6,4,66,332.67
6,4,66,315.32
6,4,66,310.51
6,4,66,312.12
6,4,66,294.09
6,4,66,307.19
6,4,66,306.61
6,4,66,312.27
6,4,66,309.94
6,4,66,305.49
6,4,66,294.48
6,4,66,297.43
6,4,66,298.86
6,4,66,302.85
6,4,66,311.69
6,4,66,312.52
6,4,66,311.16
6,4,66,312.12
6,4,66,312.75
6,4,66,302.22
6,4,66,318.07
6,4,66,319.40
6,4,66,319.64
6,4,66,320.99
6,4,66,321.54
6,4,66,305.72
6,4,66,301.85
6,4,66,298.76
6,4,66,295.39
6,4,66,298.12
6,4,66,295.83
6,4,66,306.09
6,4,66,317.39
6,4,66,326.40
6,4,66,324.93
6,4,66,326.03
6,4,66,321.56
6,4,66,316.24
6,4,66,305.32
6,4,66,307.89
6,4,66,311.68
6,4,66,309.08
6,4,66,304.23
6,4,66,303.74
6,4,66,300.02
6,4,66,314.63
6,4,66,312.87
6,4,66,315.61
6,4,66,316.34
6,4,66,324.66
6,4,66,304.20
6,4,66,305.40
6,4,66,316.98
6,4,66,322.93
6,4,66,323.56
6,4,66,328.04
6,4,66,329.35
6,4,66,319.54
6,4,66,316.70
6,4,66,310.52
6,4,66,308.38
6,4,66,307.54
6,4,66,304.64
6,4,66,296.79
6,4,66,297.17
6,4,66,361.18
6,4,66,363.65
6,4,66,366.06
6,4,66,386.31
6,4,66,391.30
6,4,66,327.68
6,4,66,326.34
6,4,66,321.70
6,4,66,318.89
6,4,66,316.42
6,4,66,313.50
6,4,66,314.73
6,4,66,323.04
6,4,66,314.52
6,4,66,325.28
6,4,66,366.20
6,4,66,359.46
6,4,66,351.42
6,4,66,361.28
6,4,66,346.74
6,4,66,306.06
6,4,66,310.38
6,4,66,340.08
6,4,66,330.85
6,4,66,333.30
6,4,66,333.71
6,4,66,333.70
6,4,66,303.96
6,4,66,303.53
6,4,66,298.53
6,4,66,314.84
6,4,66,316.14
6,4,66,316.04
6,4,66,329.40
6,4,66,337.49
6,4,66,321.37
6,4,66,322.33
6,4,66,339.10
6,4,66,323.37
6,4,66,318.61
6,4,66,318.56
6,4,66,317.57
6,4,66,301.69
6,4,66,302.45
6,4,66,342.05
6,5,83,245.71
6,5,83,491.54
6,5,83,688.30
6,5,83,807.84
6,5,83,867.72
6,5,83,821.64
6,5,83,436.03
6,5,83,379.24
6,5,83,891.52
6,5,83,377.13
6,5,83,376.08
6,5,83,375.98
6,5,83,809.11
6,5,83,358.00
6,5,83,360.30
6,5,83,368.71
6,5,83,365.60
6,5,83,311.77
6,5,83,308.03
6,5,83,304.23
6,5,83,304.72
6,5,83,304.01
6,5,83,306.83
6,5,83,309.36
6,5,83,340.21
6,5,83,363.13
6,5,83,364.78
6,5,83,361.86
6,5,83,361.49
6,5,83,334.06
6,5,83,304.74
6,5,83,305.53
6,5,83,304.52
6,5,83,299.20
6,5,83,298.08
6,5,83,297.02
6,5,83,298.91
6,5,83,301.91
6,5,83,308.32
6,5,83,303.69
6,5,83,307.68
6,5,83,300.67
6,5,83,296.91
6,5,83,293.90
6,5,83,303.55
6,5,83,302.19
6,5,83,304.88
6,5,83,308.46
6,5,83,305.45
6,5,83,309.68
6,5,83,327.16
6,5,83,330.64
6,5,83,328.70
6,5,83,333.14
6,5,83,320.95
6,5,83,308.13
6,5,83,319.87
6,5,83,319.69
6,5,83,327.14
6,5,83,323.73
6,5,83,318.29
6,5,83,307.37
6,5,83,307.11
6,5,83,296.82
6,5,83,299.77
6,5,83,298.10
6,5,83,425.60
6,5,83,482.34
6,5,83,543.28
6,5,83,595.75
6,5,83,718.97
6,5,83,641.69
6,5,83,586.20
6,5,83,526.46
6,5,83,481.47
6,5,83,358.96
6,5,83,306.64
6,5,83,304.62
6,5,83,302.34
6,5,83,300.99
6,5,83,314.39
6,5,83,315.33
6,5,83,334.88
6,5,83,336.92
6,5,83,332.37
6,5,83,319.10
6,5,83,315.58
6,5,83,296.81
6,5,83,291.54
6,5,83,292.88
6,5,83,294.49
6,5,83,288.92
6,5,83,290.85
6,5,83,290.45
6,5,83,295.33
6,5,83,294.27
6,5,83,301.81
6,5,83,304.64
6,5,83,306.99
6,5,83,301.38
6,5,83,301.82
6,5,83,324.65
6,5,83,316.17
6,5,83,317.03
6,5,83,317.94
6,5,83,320.82
6,5,83,296.86
6,5,83,295.00
6,5,83,319.77
6,5,83,316.97
6,5,83,309.33
6,5,83,307.72
6,5,83,309.83
6,5,83,284.38
6,5,83,284.75
6,5,83,289.04
6,5,83,288.71
6,5,83,292.11
6,5,83,292.31
6,5,83,290.85
6,5,83,296.25
6,5,83,296.80
6,5,83,294.75
6,5,83,293.38
6,5,83,296.47
6,5,83,303.22
6,5,83,301.73
6,5,83,302.13
6,5,83,302.22
6,5,83,299.18
6,5,83,292.70
6,5,83,298.05
6,5,83,312.98
6,5,83,315.11
6,5,83,313.90
6,5,83,310.47
6,5,83,335.00
6,5,83,333.19
6,5,83,352.66
6,5,83,354.60
6,5,83,349.99
6,5,83,318.60
6,5,83,308.82
6,5,83,292.89
6,5,83,294.73
6,5,83,309.19
6,5,83,322.83
6,5,83,323.82
6,5,83,354.63
6,5,83,355.31
6,5,83,344.03
6,5,83,348.16
6,5,83,340.35
6,5,83,310.52
6,5,83,315.88
6,5,83,344.84
6,5,83,359.86
6,5,83,367.87
6,5,83,365.38
6,5,83,389.00
6,5,83,357.17
6,5,83,327.83
6,5,83,339.09
6,5,83,339.38
6,5,83,307.16
6,5,83,309.03
6,5,83,309.39
6,5,83,317.93
6,5,83,334.08
6,5,83,337.18
6,5,83,351.58
6,5,83,355.92
6,5,83,339.98
6,5,83,322.85
6,5,83,326.60
6,5,83,317.81
6,5,83,318.04
6,5,83,310.00
6,5,83,312.48
6,5,83,314.44
6,5,83,318.34
6,5,83,316.82
6,5,83,317.46
6,5,83,314.98
6,5,83,306.69
6,5,83,302.06
6,5,83,301.53
6,5,83,306.01
6,5,83,305.28
6,5,83,307.38
6,5,83,306.79
6,5,83,305.50
6,5,83,310.96
6,5,83,340.51
6,5,83,348.80
6,5,83,367.74
6,5,83,365.49
6,5,83,363.02
6,5,83,339.10
6,5,83,358.80
6,5,83,337.58
6,5,83,341.73
6,5,83,339.16
6,5,83,340.08
6,5,83,311.96
6,5,83,311.90
6,5,83,312.22
6,5,83,309.43
6,5,83,306.34
6,5,83,314.96
6,5,83,311.12
6,5,83,333.53
6,5,83,336.04
6,5,83,333.13
6,5,83,321.50
6,5,83,321.28
6,5,83,298.61
6,5,83,294.30
6,5,83,321.17
6,5,83,335.32
6,5,83,375.82
6,5,83,372.77
6,5,83,385.19
6,5,83,356.84
6,5,83,343.65
6,5,83,315.05
6,5,83,315.63
6,5,83,306.77
6,5,83,312.82
6,5,83,315.23
6,5,83,328.26
6,5,83,347.88
6,5,83,343.73
6,5,83,362.66
6,5,83,357.37
6,5,83,337.62
6,5,83,323.05
6,5,83,321.76
6,5,83,296.43
6,5,83,301.43
6,5,83,301.95
6,5,83,323.42
6,5,83,329.54
6,5,83,332.45
6,5,83,335.61
6,5,83,332.32
6,5,83,309.29
6,5,83,313.97
6,5,83,311.50
6,5,83,303.72
6,5,83,297.59
6,5,83,291.69
6,5,83,304.65
6,5,83,306.68
6,5,83,310.84
6,5,83,315.58
6,5,83,315.98
6,5,83,299.14
6,5,83,295.32
6,5,83,299.44
6,5,83,300.20
6,5,83,380.39
6,5,83,388.30
6,5,83,391.55
6,5,83,397.17
6,5,83,395.84
6,5,83,319.54
6,5,83,305.99
6,5,83,307.13
6,5,83,298.82
6,5,83,305.30
6,5,83,302.66
6,5,83,299.65
6,5,83,296.16
6,5,83,292.32
6,5,83,285.82
6,5,83,283.69
6,5,83,285.80
6,5,83,290.05
6,5,83,327.71
6,5,83,334.72
6,5,83,337.73
6,5,83,340.14
6,5,83,342.42
6,5,83,307.74
6,5,83,303.99
6,5,83,304.89
6,5,83,318.89
6,5,83,314.46
6,5,83,309.25
6,5,83,337.77
6,5,83,332.89
6,5,83,317.09
6,5,83,316.31
6,5,83,332.61
6,5,83,304.24
6,5,83,317.48
6,5,83,345.39
6,6,100,201.88
6,6,100,443.72
6,6,100,685.71
6,6,100,742.08
6,6,100,1019.90
6,6,100,389.72
6,6,100,1112.09
6,6,100,351.56
6,6,100,1167.46
6,6,100,356.97
6,6,100,1179.58
6,6,100,370.92
6,6,100,1174.90
6,6,100,385.23
6,6,100,376.78
6,6,100,1147.89
6,6,100,338.99
6,6,100,338.51
6,6,100,1158.37
6,6,100,367.84
6,6,100,359.51
6,6,100,787.83
6,6,100,374.88
6,6,100,374.21
6,6,100,799.63
6,6,100,379.27
6,6,100,380.56
6,6,100,822.21
6,6,100,389.83
6,6,100,367.23
6,6,100,822.61
6,6,100,370.28
6,6,100,362.91
6,6,100,811.30
6,6,100,372.86
6,6,100,374.51
6,6,100,814.59
6,6,100,382.91
6,6,100,403.72
6,6,100,806.29
6,6,100,360.03
6,6,100,345.82
6,6,100,821.74
6,6,100,397.70
6,6,100,407.94
6,6,100,809.53
6,6,100,400.78
6,6,100,396.31
6,6,100,802.72
6,6,100,316.13
6,6,100,306.48
6,6,100,766.27
6,6,100,374.97
6,6,100,382.35
6,6,100,770.07
6,6,100,386.95
6,6,100,385.99
6,6,100,836.66
6,6,100,374.29
6,6,100,376.19
6,6,100,825.11
6,6,100,388.46
6,6,100,389.13
6,6,100,788.19
6,6,100,344.27
6,6,100,324.04
6,6,100,749.05
6,6,100,335.73
6,6,100,328.52
6,6,100,681.43
6,6,100,321.11
6,6,100,327.33
6,6,100,747.57
6,6,100,393.23
6,6,100,397.58
6,6,100,749.51
6,6,100,339.44
6,6,100,336.51
6,6,100,796.34
6,6,100,380.42
6,6,100,378.21
6,6,100,793.61
6,6,100,396.17
6,6,100,397.99
6,6,100,838.68
6,6,100,379.41
6,6,100,378.87
6,6,100,850.52
6,6,100,395.19
6,6,100,391.72
6,6,100,847.69
6,6,100,393.61
6,6,100,386.41
6,6,100,872.34
6,6,100,398.91
6,6,100,399.84
6,6,100,812.77
6,6,100,321.49
6,6,100,324.70
6,6,100,797.07
6,6,100,367.26
6,6,100,373.90
6,6,100,757.94
6,6,100,358.12
6,6,100,366.54
6,6,100,813.20
6,6,100,377.89
6,6,100,378.07
6,6,100,800.48
6,6,100,358.22
6,6,100,360.10
6,6,100,758.07
6,6,100,320.58
6,6,100,318.63
6,6,100,760.59
6,6,100,375.21
6,6,100,372.78
6,6,100,780.88
6,6,100,384.93
6,6,100,386.37
6,6,100,1525.25
6,6,100,1067.57
6,6,100,1076.15
6,6,100,1558.46
6,6,100,417.03
6,6,100,410.87
6,6,100,1557.67
6,6,100,391.96
6,6,100,384.35
6,6,100,862.16
6,6,100,380.78
6,6,100,377.65
6,6,100,778.83
6,6,100,325.07
6,6,100,325.36
6,6,100,782.41
6,6,100,392.55
6,6,100,385.21
6,6,100,782.90
6,6,100,378.32
6,6,100,391.05
6,6,100,1336.71
6,6,100,885.86
6,6,100,890.68
6,6,100,1339.89
6,6,100,411.27
6,6,100,413.19
6,6,100,1356.00
6,6,100,407.49
6,6,100,385.18
6,6,100,871.59
6,6,100,392.73
6,6,100,398.86
6,6,100,850.64
6,6,100,416.18
6,6,100,414.81
6,6,100,885.34
6,6,100,420.65
6,6,100,395.55
6,6,100,875.58
6,6,100,389.87
6,6,100,381.01
6,6,100,376.59
6,6,100,829.03
6,6,100,357.38
6,6,100,356.57
6,6,100,360.40
6,6,100,362.82
6,6,100,335.95
6,6,100,339.34
6,6,100,342.26
6,6,100,369.64
6,6,100,379.17
6,6,100,366.07
6,6,100,365.32
6,6,100,369.05
6,6,100,343.29
6,6,100,332.67
6,6,100,313.42
6,6,100,313.60
6,6,100,305.48
6,6,100,316.45
6,6,100,319.32
