num-db,db,tx-type,count,duration-ms,tx-per-sec
1,0,strong-read,6552,60382.71,108.5079
1,0,weak-read,3276,60382.71,54.2539
1,0,write,1092,60382.71,18.0846
5,0,strong-read,6852,60487.92,113.2788
5,0,weak-read,3426,60487.92,56.6394
5,0,write,1142,60487.92,18.8798
5,1,strong-read,6858,60527.08,113.3047
5,1,weak-read,3429,60527.08,56.6523
5,1,write,1143,60527.08,18.8841
5,2,strong-read,6864,60545.25,113.3698
5,2,weak-read,3432,60545.25,56.6849
5,2,write,1144,60545.25,18.8950
5,3,strong-read,6894,60555.62,113.8458
5,3,weak-read,3447,60555.62,56.9229
5,3,write,1149,60555.62,18.9743
5,4,strong-read,6810,60623.47,112.3327
5,4,weak-read,3405,60623.47,56.1664
5,4,write,1135,60623.47,18.7221
10,0,strong-read,6990,60450.91,115.6310
10,0,weak-read,3495,60450.91,57.8155
10,0,write,1165,60450.91,19.2718
10,1,strong-read,6930,60558.91,114.4340
10,1,weak-read,3465,60558.91,57.2170
10,1,write,1155,60558.91,19.0723
10,2,strong-read,6912,60580.17,114.0967
10,2,weak-read,3456,60580.17,57.0484
10,2,write,1152,60580.17,19.0161
10,3,strong-read,6954,60650.48,114.6570
10,3,weak-read,3477,60650.48,57.3285
10,3,write,1159,60650.48,19.1095
10,4,strong-read,6852,60690.72,112.9003
10,4,weak-read,3426,60690.72,56.4501
10,4,write,1142,60690.72,18.8167
10,5,strong-read,6918,60710.68,113.9503
10,5,weak-read,3459,60710.68,56.9751
10,5,write,1153,60710.68,18.9917
10,6,strong-read,6942,60739.88,114.2906
10,6,weak-read,3471,60739.88,57.1453
10,6,write,1157,60739.88,19.0484
10,7,strong-read,6954,60770.10,114.4313
10,7,weak-read,3477,60770.10,57.2156
10,7,write,1159,60770.10,19.0719
10,8,strong-read,6894,60747.51,113.4861
10,8,weak-read,3447,60747.51,56.7431
10,8,write,1149,60747.51,18.9144
10,9,strong-read,6966,60878.83,114.4240
10,9,weak-read,3483,60878.83,57.2120
10,9,write,1161,60878.83,19.0707
15,0,strong-read,5784,60544.26,95.5334
15,0,weak-read,2892,60544.26,47.7667
15,0,write,964,60544.26,15.9222
15,1,strong-read,5802,60615.27,95.7185
15,1,weak-read,2901,60615.27,47.8592
15,1,write,967,60615.27,15.9531
15,2,strong-read,5886,60633.85,97.0745
15,2,weak-read,2943,60633.85,48.5372
15,2,write,981,60633.85,16.1791
15,3,strong-read,5898,60670.68,97.2133
15,3,weak-read,2949,60670.68,48.6067
15,3,write,983,60670.68,16.2022
15,4,strong-read,5820,60698.85,95.8832
15,4,weak-read,2910,60698.85,47.9416
15,4,write,970,60698.85,15.9805
15,5,strong-read,5832,60727.13,96.0362
15,5,weak-read,2916,60727.13,48.0181
15,5,write,972,60727.13,16.0060
15,6,strong-read,5868,60723.19,96.6352
15,6,weak-read,2934,60723.19,48.3176
15,6,write,978,60723.19,16.1059
15,7,strong-read,5784,60767.97,95.1817
15,7,weak-read,2892,60767.97,47.5909
15,7,write,964,60767.97,15.8636
15,8,strong-read,5826,60787.21,95.8425
15,8,weak-read,2913,60787.21,47.9213
15,8,write,971,60787.21,15.9738
15,9,strong-read,5814,60792.85,95.6362
15,9,weak-read,2907,60792.85,47.8181
15,9,write,969,60792.85,15.9394
15,10,strong-read,5820,60815.36,95.6995
15,10,weak-read,2910,60815.36,47.8498
15,10,write,970,60815.36,15.9499
15,11,strong-read,5832,60816.46,95.8951
15,11,weak-read,2916,60816.46,47.9475
15,11,write,972,60816.46,15.9825
15,12,strong-read,5778,60879.10,94.9094
15,12,weak-read,2889,60879.10,47.4547
15,12,write,963,60879.10,15.8182
15,13,strong-read,5790,60946.06,95.0020
15,13,weak-read,2895,60946.06,47.5010
15,13,write,965,60946.06,15.8337
15,14,strong-read,5898,61122.95,96.4940
15,14,weak-read,2949,61122.95,48.2470
15,14,write,983,61122.95,16.0823
20,0,strong-read,4620,60636.14,76.1922
20,0,weak-read,2310,60636.14,38.0961
20,0,write,770,60636.14,12.6987
20,1,strong-read,4650,60703.07,76.6024
20,1,weak-read,2325,60703.07,38.3012
20,1,write,775,60703.07,12.7671
20,2,strong-read,4644,60733.02,76.4658
20,2,weak-read,2322,60733.02,38.2329
20,2,write,774,60733.02,12.7443
20,3,strong-read,4608,60848.29,75.7293
20,3,weak-read,2304,60848.29,37.8647
20,3,write,768,60848.29,12.6216
20,4,strong-read,4620,60851.82,75.9221
20,4,weak-read,2310,60851.82,37.9611
20,4,write,770,60851.82,12.6537
20,5,strong-read,4632,60873.75,76.0919
20,5,weak-read,2316,60873.75,38.0460
20,5,write,772,60873.75,12.6820
20,6,strong-read,4602,60886.43,75.5833
20,6,weak-read,2301,60886.43,37.7917
20,6,write,767,60886.43,12.5972
20,7,strong-read,4584,60906.06,75.2634
20,7,weak-read,2292,60906.06,37.6317
20,7,write,764,60906.06,12.5439
20,8,strong-read,4680,60934.24,76.8041
20,8,weak-read,2340,60934.24,38.4021
20,8,write,780,60934.24,12.8007
20,9,strong-read,4566,61032.23,74.8129
20,9,weak-read,2283,61032.22,37.4065
20,9,write,761,61032.23,12.4688
20,10,strong-read,4602,61051.02,75.3796
20,10,weak-read,2301,61051.02,37.6898
20,10,write,767,61051.02,12.5633
20,11,strong-read,4698,61063.94,76.9358
20,11,weak-read,2349,61063.94,38.4679
20,11,write,783,61063.94,12.8226
20,12,strong-read,4644,61066.31,76.0485
20,12,weak-read,2322,61066.31,38.0242
20,12,write,774,61066.31,12.6747
20,13,strong-read,4602,61110.06,75.3067
20,13,weak-read,2301,61110.06,37.6534
20,13,write,767,61110.06,12.5511
20,14,strong-read,4560,61137.69,74.5857
20,14,weak-read,2280,61137.69,37.2929
20,14,write,760,61137.69,12.4310
20,15,strong-read,4656,61153.93,76.1357
20,15,weak-read,2328,61153.93,38.0679
20,15,write,776,61153.93,12.6893
20,16,strong-read,4602,61169.75,75.2333
20,16,weak-read,2301,61169.75,37.6166
20,16,write,767,61169.75,12.5389
20,17,strong-read,4590,61234.91,74.9572
20,17,weak-read,2295,61234.91,37.4786
20,17,write,765,61234.91,12.4929
20,18,strong-read,4602,61378.50,74.9774
20,18,weak-read,2301,61378.50,37.4887
20,18,write,767,61378.50,12.4962
20,19,strong-read,4620,61405.92,75.2370
20,19,weak-read,2310,61405.92,37.6185
20,19,write,770,61405.92,12.5395
25,0,strong-read,3558,60997.16,58.3306
25,0,weak-read,1779,60997.16,29.1653
25,0,write,593,60997.16,9.7218
25,1,strong-read,3504,61008.12,57.4350
25,1,weak-read,1752,61008.12,28.7175
25,1,write,584,61008.12,9.5725
25,2,strong-read,3582,61081.80,58.6427
25,2,weak-read,1791,61081.79,29.3213
25,2,write,597,61081.80,9.7738
25,3,strong-read,3522,61116.93,57.6272
25,3,weak-read,1761,61116.93,28.8136
25,3,write,587,61116.93,9.6045
25,4,strong-read,3498,61122.10,57.2297
25,4,weak-read,1749,61122.10,28.6149
25,4,write,583,61122.10,9.5383
25,5,strong-read,3576,61200.63,58.4308
25,5,weak-read,1788,61200.63,29.2154
25,5,write,596,61200.63,9.7385
25,6,strong-read,3564,61216.94,58.2192
25,6,weak-read,1782,61216.94,29.1096
25,6,write,594,61216.94,9.7032
25,7,strong-read,3618,61233.25,59.0855
25,7,weak-read,1809,61233.25,29.5428
25,7,write,603,61233.25,9.8476
25,8,strong-read,3546,61331.24,57.8172
25,8,weak-read,1773,61331.24,28.9086
25,8,write,591,61331.24,9.6362
25,9,strong-read,3588,61351.17,58.4830
25,9,weak-read,1794,61351.17,29.2415
25,9,write,598,61351.17,9.7472
25,10,strong-read,3552,61367.77,57.8805
25,10,weak-read,1776,61367.77,28.9403
25,10,write,592,61367.77,9.6468
25,11,strong-read,3486,61386.37,56.7879
25,11,weak-read,1743,61386.37,28.3939
25,11,write,581,61386.37,9.4646
25,12,strong-read,3570,61394.44,58.1486
25,12,weak-read,1785,61394.44,29.0743
25,12,write,595,61394.44,9.6914
25,13,strong-read,3582,61463.77,58.2782
25,13,weak-read,1791,61463.77,29.1391
25,13,write,597,61463.77,9.7130
25,14,strong-read,3630,61479.37,59.0442
25,14,weak-read,1815,61479.37,29.5221
25,14,write,605,61479.37,9.8407
25,15,strong-read,3540,61477.71,57.5818
25,15,weak-read,1770,61477.71,28.7909
25,15,write,590,61477.71,9.5970
25,16,strong-read,3552,61525.43,57.7322
25,16,weak-read,1776,61525.43,28.8661
25,16,write,592,61525.43,9.6220
25,17,strong-read,3564,61558.23,57.8964
25,17,weak-read,1782,61558.23,28.9482
25,17,write,594,61558.23,9.6494
25,18,strong-read,3516,61553.97,57.1206
25,18,weak-read,1758,61553.97,28.5603
25,18,write,586,61553.97,9.5201
25,19,strong-read,3534,61847.27,57.1408
25,19,weak-read,1767,61847.27,28.5704
25,19,write,589,61847.27,9.5235
25,20,strong-read,3582,62047.62,57.7299
25,20,weak-read,1791,62047.62,28.8649
25,20,write,597,62047.62,9.6216
25,21,strong-read,3588,62426.09,57.4760
25,21,weak-read,1794,62426.09,28.7380
25,21,write,598,62426.09,9.5793
25,22,strong-read,3534,62435.87,56.6021
25,22,weak-read,1767,62435.87,28.3010
25,22,write,589,62435.87,9.4337
25,23,strong-read,3498,62649.01,55.8349
25,23,weak-read,1749,62649.01,27.9174
25,23,write,583,62649.01,9.3058
25,24,strong-read,3516,64253.20,54.7210
25,24,weak-read,1758,64253.20,27.3605
25,24,write,586,64253.20,9.1202
30,0,strong-read,2856,60554.96,47.1638
30,0,weak-read,1428,60554.96,23.5819
30,0,write,476,60554.96,7.8606
30,1,strong-read,2844,60638.79,46.9007
30,1,weak-read,1422,60638.79,23.4503
30,1,write,474,60638.79,7.8168
30,2,strong-read,2880,60706.78,47.4412
30,2,weak-read,1440,60706.78,23.7206
30,2,write,480,60706.78,7.9069
30,3,strong-read,2838,60739.98,46.7238
30,3,weak-read,1419,60739.98,23.3619
30,3,write,473,60739.98,7.7873
30,4,strong-read,2832,60739.30,46.6255
30,4,weak-read,1416,60739.30,23.3127
30,4,write,472,60739.30,7.7709
30,5,strong-read,2802,60751.63,46.1222
30,5,weak-read,1401,60751.63,23.0611
30,5,write,467,60751.63,7.6870
30,6,strong-read,2796,60780.98,46.0012
30,6,weak-read,1398,60780.98,23.0006
30,6,write,466,60780.98,7.6669
30,7,strong-read,2826,60774.33,46.4999
30,7,weak-read,1413,60774.33,23.2499
30,7,write,471,60774.33,7.7500
30,8,strong-read,2832,60780.62,46.5938
30,8,weak-read,1416,60780.62,23.2969
30,8,write,472,60780.62,7.7656
30,9,strong-read,2838,60810.10,46.6699
30,9,weak-read,1419,60810.10,23.3349
30,9,write,473,60810.10,7.7783
30,10,strong-read,2856,60826.37,46.9533
30,10,weak-read,1428,60826.37,23.4767
30,10,write,476,60826.38,7.8256
30,11,strong-read,2856,60833.89,46.9475
30,11,weak-read,1428,60833.88,23.4738
30,11,write,476,60833.89,7.8246
30,12,strong-read,2838,60848.12,46.6407
30,12,weak-read,1419,60848.12,23.3204
30,12,write,473,60848.12,7.7735
30,13,strong-read,2808,60857.02,46.1409
30,13,weak-read,1404,60857.02,23.0705
30,13,write,468,60857.02,7.6902
30,14,strong-read,2838,60859.61,46.6319
30,14,weak-read,1419,60859.61,23.3160
30,14,write,473,60859.61,7.7720
30,15,strong-read,2856,60885.89,46.9074
30,15,weak-read,1428,60885.89,23.4537
30,15,write,476,60885.89,7.8179
30,16,strong-read,2844,60901.71,46.6982
30,16,weak-read,1422,60901.71,23.3491
30,16,write,474,60901.71,7.7830
30,17,strong-read,2856,60947.64,46.8599
30,17,weak-read,1428,60947.64,23.4299
30,17,write,476,60947.64,7.8100
30,18,strong-read,2820,60956.89,46.2622
30,18,weak-read,1410,60956.89,23.1311
30,18,write,470,60956.89,7.7104
30,19,strong-read,2826,60969.85,46.3508
30,19,weak-read,1413,60969.85,23.1754
30,19,write,471,60969.85,7.7251
30,20,strong-read,2832,60980.04,46.4414
30,20,weak-read,1416,60980.04,23.2207
30,20,write,472,60980.04,7.7402
30,21,strong-read,2862,60991.02,46.9249
30,21,weak-read,1431,60991.02,23.4625
30,21,write,477,60991.02,7.8208
30,22,strong-read,2838,61017.00,46.5116
30,22,weak-read,1419,61017.00,23.2558
30,22,write,473,61017.00,7.7519
30,23,strong-read,2844,61083.05,46.5596
30,23,weak-read,1422,61083.05,23.2798
30,23,write,474,61083.05,7.7599
30,24,strong-read,2808,61136.35,45.9301
30,24,weak-read,1404,61136.35,22.9651
30,24,write,468,61136.35,7.6550
30,25,strong-read,2844,61187.36,46.4802
30,25,weak-read,1422,61187.36,23.2401
30,25,write,474,61187.36,7.7467
30,26,strong-read,2838,61189.19,46.3807
30,26,weak-read,1419,61189.19,23.1904
30,26,write,473,61189.19,7.7301
30,27,strong-read,2856,61192.09,46.6727
30,27,weak-read,1428,61192.09,23.3364
30,27,write,476,61192.09,7.7788
30,28,strong-read,2802,61299.32,45.7101
30,28,weak-read,1401,61299.32,22.8551
30,28,write,467,61299.32,7.6184
30,29,strong-read,2832,62136.13,45.5773
30,29,weak-read,1416,62136.13,22.7887
30,29,write,472,62136.13,7.5962
35,0,strong-read,2382,60797.61,39.1792
35,0,weak-read,1191,60797.61,19.5896
35,0,write,397,60797.61,6.5299
35,1,strong-read,2394,60811.21,39.3677
35,1,weak-read,1197,60811.22,19.6839
35,1,write,399,60811.21,6.5613
35,2,strong-read,2370,60831.86,38.9599
35,2,weak-read,1185,60831.86,19.4799
35,2,write,395,60831.85,6.4933
35,3,strong-read,2352,60832.99,38.6632
35,3,weak-read,1176,60832.99,19.3316
35,3,write,392,60832.99,6.4439
35,4,strong-read,2406,60850.78,39.5393
35,4,weak-read,1203,60850.78,19.7697
35,4,write,401,60850.78,6.5899
35,5,strong-read,2370,60864.77,38.9388
35,5,weak-read,1185,60864.77,19.4694
35,5,write,395,60864.77,6.4898
35,6,strong-read,2382,60866.06,39.1351
35,6,weak-read,1191,60866.06,19.5676
35,6,write,397,60866.06,6.5225
35,7,strong-read,2364,60870.30,38.8367
35,7,weak-read,1182,60870.30,19.4183
35,7,write,394,60870.30,6.4728
35,8,strong-read,2352,60912.77,38.6126
35,8,weak-read,1176,60912.77,19.3063
35,8,write,392,60912.77,6.4354
35,9,strong-read,2370,60938.24,38.8918
35,9,weak-read,1185,60938.24,19.4459
35,9,write,395,60938.24,6.4820
35,10,strong-read,2346,60957.26,38.4860
35,10,weak-read,1173,60957.26,19.2430
35,10,write,391,60957.26,6.4143
35,11,strong-read,2376,60971.60,38.9690
35,11,weak-read,1188,60971.60,19.4845
35,11,write,396,60971.60,6.4948
35,12,strong-read,2388,60983.90,39.1579
35,12,weak-read,1194,60983.90,19.5789
35,12,write,398,60983.90,6.5263
35,13,strong-read,2358,60987.09,38.6639
35,13,weak-read,1179,60987.09,19.3320
35,13,write,393,60987.09,6.4440
35,14,strong-read,2376,60988.89,38.9579
35,14,weak-read,1188,60988.89,19.4790
35,14,write,396,60988.89,6.4930
35,15,strong-read,2346,61008.56,38.4536
35,15,weak-read,1173,61008.56,19.2268
35,15,write,391,61008.56,6.4089
35,16,strong-read,2394,61015.06,39.2362
35,16,weak-read,1197,61015.06,19.6181
35,16,write,399,61015.06,6.5394
35,17,strong-read,2376,61014.68,38.9414
35,17,weak-read,1188,61014.68,19.4707
35,17,write,396,61014.68,6.4902
35,18,strong-read,2370,61055.09,38.8174
35,18,weak-read,1185,61055.09,19.4087
35,18,write,395,61055.09,6.4696
35,19,strong-read,2370,61060.94,38.8137
35,19,weak-read,1185,61060.94,19.4068
35,19,write,395,61060.94,6.4689
35,20,strong-read,2364,61065.21,38.7127
35,20,weak-read,1182,61065.21,19.3564
35,20,write,394,61065.21,6.4521
35,21,strong-read,2382,61062.25,39.0094
35,21,weak-read,1191,61062.25,19.5047
35,21,write,397,61062.25,6.5016
35,22,strong-read,2364,61072.30,38.7082
35,22,weak-read,1182,61072.30,19.3541
35,22,write,394,61072.30,6.4514
35,23,strong-read,2346,61095.50,38.3989
35,23,weak-read,1173,61095.50,19.1994
35,23,write,391,61095.50,6.3998
35,24,strong-read,2382,61104.90,38.9821
35,24,weak-read,1191,61104.90,19.4911
35,24,write,397,61104.90,6.4970
35,25,strong-read,2364,61096.10,38.6931
35,25,weak-read,1182,61096.10,19.3466
35,25,write,394,61096.10,6.4489
35,26,strong-read,2388,61105.86,39.0797
35,26,weak-read,1194,61105.86,19.5399
35,26,write,398,61105.86,6.5133
35,27,strong-read,2394,61113.47,39.1730
35,27,weak-read,1197,61113.47,19.5865
35,27,write,399,61113.47,6.5288
35,28,strong-read,2358,61098.81,38.5932
35,28,weak-read,1179,61098.81,19.2966
35,28,write,393,61098.81,6.4322
35,29,strong-read,2382,61113.94,38.9764
35,29,weak-read,1191,61113.94,19.4882
35,29,write,397,61113.94,6.4961
35,30,strong-read,2400,61132.35,39.2591
35,30,weak-read,1200,61132.35,19.6295
35,30,write,400,61132.35,6.5432
35,31,strong-read,2376,61151.19,38.8545
35,31,weak-read,1188,61151.19,19.4273
35,31,write,396,61151.19,6.4758
35,32,strong-read,2364,61168.87,38.6471
35,32,weak-read,1182,61168.87,19.3236
35,32,write,394,61168.87,6.4412
35,33,strong-read,2394,61184.30,39.1277
35,33,weak-read,1197,61184.30,19.5638
35,33,write,399,61184.30,6.5213
35,34,strong-read,2376,61210.09,38.8171
35,34,weak-read,1188,61210.09,19.4086
35,34,write,396,61210.09,6.4695
40,0,strong-read,2058,60806.42,33.8451
40,0,weak-read,1029,60806.42,16.9226
40,0,write,343,60806.42,5.6409
40,1,strong-read,2058,60869.83,33.8099
40,1,weak-read,1029,60869.83,16.9049
40,1,write,343,60869.83,5.6350
40,2,strong-read,2022,60866.47,33.2203
40,2,weak-read,1011,60866.47,16.6101
40,2,write,337,60866.47,5.5367
40,3,strong-read,2016,60905.26,33.1006
40,3,weak-read,1008,60905.26,16.5503
40,3,write,336,60905.26,5.5168
40,4,strong-read,2034,60903.81,33.3969
40,4,weak-read,1017,60903.81,16.6985
40,4,write,339,60903.81,5.5662
40,5,strong-read,2022,60923.54,33.1891
40,5,weak-read,1011,60923.54,16.5946
40,5,write,337,60923.54,5.5315
40,6,strong-read,2052,60921.86,33.6825
40,6,weak-read,1026,60921.86,16.8412
40,6,write,342,60921.86,5.6137
40,7,strong-read,2028,60965.80,33.2646
40,7,weak-read,1014,60965.80,16.6323
40,7,write,338,60965.80,5.5441
40,8,strong-read,2022,60981.59,33.1575
40,8,weak-read,1011,60981.59,16.5788
40,8,write,337,60981.59,5.5263
40,9,strong-read,2046,60986.67,33.5483
40,9,weak-read,1023,60986.67,16.7742
40,9,write,341,60986.67,5.5914
40,10,strong-read,2046,60982.93,33.5504
40,10,weak-read,1023,60982.93,16.7752
40,10,write,341,60982.93,5.5917
40,11,strong-read,2040,60999.94,33.4427
40,11,weak-read,1020,60999.94,16.7213
40,11,write,340,60999.94,5.5738
40,12,strong-read,2022,61015.11,33.1393
40,12,weak-read,1011,61015.11,16.5697
40,12,write,337,61015.11,5.5232
40,13,strong-read,2040,61012.86,33.4356
40,13,weak-read,1020,61012.86,16.7178
40,13,write,340,61012.86,5.5726
40,14,strong-read,2022,61039.71,33.1260
40,14,weak-read,1011,61039.71,16.5630
40,14,write,337,61039.71,5.5210
40,15,strong-read,2016,61037.27,33.0290
40,15,weak-read,1008,61037.27,16.5145
40,15,write,336,61037.27,5.5048
40,16,strong-read,2034,61048.32,33.3179
40,16,weak-read,1017,61048.32,16.6589
40,16,write,339,61048.32,5.5530
40,17,strong-read,2064,61045.53,33.8108
40,17,weak-read,1032,61045.53,16.9054
40,17,write,344,61045.53,5.6351
40,18,strong-read,2046,61053.05,33.5118
40,18,weak-read,1023,61053.05,16.7559
40,18,write,341,61053.05,5.5853
40,19,strong-read,2034,61058.46,33.3123
40,19,weak-read,1017,61058.46,16.6562
40,19,write,339,61058.46,5.5521
40,20,strong-read,2028,61066.57,33.2097
40,20,weak-read,1014,61066.57,16.6048
40,20,write,338,61066.57,5.5349
40,21,strong-read,2034,61072.03,33.3049
40,21,weak-read,1017,61072.03,16.6525
40,21,write,339,61072.03,5.5508
40,22,strong-read,2040,61067.43,33.4057
40,22,weak-read,1020,61067.43,16.7028
40,22,write,340,61067.43,5.5676
40,23,strong-read,2040,61074.32,33.4019
40,23,weak-read,1020,61074.32,16.7010
40,23,write,340,61074.32,5.5670
40,24,strong-read,2034,61108.83,33.2849
40,24,weak-read,1017,61108.83,16.6424
40,24,write,339,61108.83,5.5475
40,25,strong-read,2058,61123.47,33.6696
40,25,weak-read,1029,61123.47,16.8348
40,25,write,343,61123.47,5.6116
40,26,strong-read,2046,61126.82,33.4714
40,26,weak-read,1023,61126.82,16.7357
40,26,write,341,61126.82,5.5786
40,27,strong-read,2064,61179.39,33.7369
40,27,weak-read,1032,61179.39,16.8684
40,27,write,344,61179.39,5.6228
40,28,strong-read,2028,61197.72,33.1385
40,28,weak-read,1014,61197.72,16.5692
40,28,write,338,61197.72,5.5231
40,29,strong-read,2040,61188.79,33.3394
40,29,weak-read,1020,61188.79,16.6697
40,29,write,340,61188.79,5.5566
40,30,strong-read,2052,61200.73,33.5290
40,30,weak-read,1026,61200.73,16.7645
40,30,write,342,61200.73,5.5882
40,31,strong-read,2046,61197.88,33.4325
40,31,weak-read,1023,61197.88,16.7163
40,31,write,341,61197.88,5.5721
40,32,strong-read,2040,61205.77,33.3302
40,32,weak-read,1020,61205.77,16.6651
40,32,write,340,61205.77,5.5550
40,33,strong-read,2040,61220.79,33.3220
40,33,weak-read,1020,61220.79,16.6610
40,33,write,340,61220.79,5.5537
40,34,strong-read,2046,61227.45,33.4164
40,34,weak-read,1023,61227.45,16.7082
40,34,write,341,61227.45,5.5694
40,35,strong-read,2058,61309.31,33.5675
40,35,weak-read,1029,61309.31,16.7837
40,35,write,343,61309.31,5.5946
40,36,strong-read,2028,61333.18,33.0653
40,36,weak-read,1014,61333.18,16.5327
40,36,write,338,61333.18,5.5109
40,37,strong-read,2040,61316.22,33.2702
40,37,weak-read,1020,61316.22,16.6351
40,37,write,340,61316.22,5.5450
40,38,strong-read,2022,61342.20,32.9626
40,38,weak-read,1011,61342.20,16.4813
40,38,write,337,61342.20,5.4938
40,39,strong-read,2028,61430.37,33.0130
40,39,weak-read,1014,61430.37,16.5065
40,39,write,338,61430.37,5.5022
45,0,strong-read,1776,60988.48,29.1203
45,0,weak-read,888,60988.48,14.5601
45,0,write,296,60988.48,4.8534
45,1,strong-read,1770,61027.12,29.0035
45,1,weak-read,885,61027.12,14.5018
45,1,write,295,61027.12,4.8339
45,2,strong-read,1770,61012.83,29.0103
45,2,weak-read,885,61012.83,14.5051
45,2,write,295,61012.83,4.8350
45,3,strong-read,1764,61045.43,28.8965
45,3,weak-read,882,61045.43,14.4483
45,3,write,294,61045.43,4.8161
45,4,strong-read,1758,61061.71,28.7905
45,4,weak-read,879,61061.71,14.3953
45,4,write,293,61061.71,4.7984
45,5,strong-read,1770,61101.01,28.9684
45,5,weak-read,885,61101.01,14.4842
45,5,write,295,61101.01,4.8281
45,6,strong-read,1740,61103.68,28.4762
45,6,weak-read,870,61103.68,14.2381
45,6,write,290,61103.68,4.7460
45,7,strong-read,1764,61122.43,28.8601
45,7,weak-read,882,61122.43,14.4301
45,7,write,294,61122.43,4.8100
45,8,strong-read,1758,61140.27,28.7536
45,8,weak-read,879,61140.27,14.3768
45,8,write,293,61140.27,4.7923
45,9,strong-read,1782,61136.76,29.1478
45,9,weak-read,891,61136.76,14.5739
45,9,write,297,61136.76,4.8580
45,10,strong-read,1770,61125.20,28.9570
45,10,weak-read,885,61125.20,14.4785
45,10,write,295,61125.20,4.8262
45,11,strong-read,1782,61142.82,29.1449
45,11,weak-read,891,61142.82,14.5724
45,11,write,297,61142.82,4.8575
45,12,strong-read,1776,61155.88,29.0405
45,12,weak-read,888,61155.88,14.5203
45,12,write,296,61155.88,4.8401
45,13,strong-read,1752,61158.57,28.6468
45,13,weak-read,876,61158.57,14.3234
45,13,write,292,61158.57,4.7745
45,14,strong-read,1782,61168.33,29.1327
45,14,weak-read,891,61168.33,14.5664
45,14,write,297,61168.33,4.8555
45,15,strong-read,1770,61166.18,28.9376
45,15,weak-read,885,61166.18,14.4688
45,15,write,295,61166.18,4.8229
45,16,strong-read,1764,61164.38,28.8403
45,16,weak-read,882,61164.38,14.4202
45,16,write,294,61164.38,4.8067
45,17,strong-read,1776,61174.91,29.0315
45,17,weak-read,888,61174.91,14.5158
45,17,write,296,61174.91,4.8386
45,18,strong-read,1788,61171.04,29.2295
45,18,weak-read,894,61171.04,14.6148
45,18,write,298,61171.04,4.8716
45,19,strong-read,1770,61169.80,28.9358
45,19,weak-read,885,61169.80,14.4679
45,19,write,295,61169.80,4.8226
45,20,strong-read,1776,61174.37,29.0318
45,20,weak-read,888,61174.37,14.5159
45,20,write,296,61174.37,4.8386
45,21,strong-read,1776,61177.79,29.0301
45,21,weak-read,888,61177.79,14.5151
45,21,write,296,61177.79,4.8384
45,22,strong-read,1764,61187.16,28.8296
45,22,weak-read,882,61187.16,14.4148
45,22,write,294,61187.16,4.8049
45,23,strong-read,1788,61196.23,29.2175
45,23,weak-read,894,61196.23,14.6087
45,23,write,298,61196.23,4.8696
45,24,strong-read,1776,61172.56,29.0326
45,24,weak-read,888,61172.56,14.5163
45,24,write,296,61172.56,4.8388
45,25,strong-read,1788,61201.04,29.2152
45,25,weak-read,894,61201.04,14.6076
45,25,write,298,61201.04,4.8692
45,26,strong-read,1782,61205.62,29.1150
45,26,weak-read,891,61205.62,14.5575
45,26,write,297,61205.62,4.8525
45,27,strong-read,1770,61208.91,28.9174
45,27,weak-read,885,61208.91,14.4587
45,27,write,295,61208.91,4.8196
45,28,strong-read,1770,61214.60,28.9147
45,28,weak-read,885,61214.60,14.4573
45,28,write,295,61214.60,4.8191
45,29,strong-read,1764,61211.20,28.8183
45,29,weak-read,882,61211.20,14.4091
45,29,write,294,61211.20,4.8030
45,30,strong-read,1782,61227.57,29.1045
45,30,weak-read,891,61227.57,14.5523
45,30,write,297,61227.57,4.8508
45,31,strong-read,1770,61255.85,28.8952
45,31,weak-read,885,61255.85,14.4476
45,31,write,295,61255.85,4.8159
45,32,strong-read,1764,61251.30,28.7994
45,32,weak-read,882,61251.30,14.3997
45,32,write,294,61251.30,4.7999
45,33,strong-read,1776,61271.23,28.9859
45,33,weak-read,888,61271.23,14.4929
45,33,write,296,61271.23,4.8310
45,34,strong-read,1776,61302.28,28.9712
45,34,weak-read,888,61302.28,14.4856
45,34,write,296,61302.28,4.8285
45,35,strong-read,1788,61322.71,29.1572
45,35,weak-read,894,61322.71,14.5786
45,35,write,298,61322.71,4.8595
45,36,strong-read,1806,61338.13,29.4433
45,36,weak-read,903,61338.13,14.7217
45,36,write,301,61338.13,4.9072
45,37,strong-read,1776,61363.09,28.9425
45,37,weak-read,888,61363.09,14.4712
45,37,write,296,61363.09,4.8237
45,38,strong-read,1776,61359.10,28.9444
45,38,weak-read,888,61359.10,14.4722
45,38,write,296,61359.10,4.8241
45,39,strong-read,1752,61363.71,28.5511
45,39,weak-read,876,61363.71,14.2755
45,39,write,292,61363.71,4.7585
45,40,strong-read,1764,61365.46,28.7458
45,40,weak-read,882,61365.46,14.3729
45,40,write,294,61365.46,4.7910
45,41,strong-read,1800,61396.50,29.3176
45,41,weak-read,900,61396.50,14.6588
45,41,write,300,61396.50,4.8863
45,42,strong-read,1776,61406.32,28.9221
45,42,weak-read,888,61406.32,14.4611
45,42,write,296,61406.32,4.8204
45,43,strong-read,1782,61402.15,29.0218
45,43,weak-read,891,61402.15,14.5109
45,43,write,297,61402.15,4.8370
45,44,strong-read,1806,61455.99,29.3869
45,44,weak-read,903,61455.99,14.6934
45,44,write,301,61455.99,4.8978
50,0,strong-read,1614,61057.48,26.4341
50,0,weak-read,807,61057.48,13.2171
50,0,write,269,61057.48,4.4057
50,1,strong-read,1584,61069.26,25.9378
50,1,weak-read,792,61069.25,12.9689
50,1,write,264,61069.26,4.3230
50,2,strong-read,1584,61064.28,25.9399
50,2,weak-read,792,61064.28,12.9699
50,2,write,264,61064.28,4.3233
50,3,strong-read,1590,61067.43,26.0368
50,3,weak-read,795,61067.43,13.0184
50,3,write,265,61067.43,4.3395
50,4,strong-read,1590,61081.98,26.0306
50,4,weak-read,795,61081.98,13.0153
50,4,write,265,61081.98,4.3384
50,5,strong-read,1602,61097.95,26.2202
50,5,weak-read,801,61097.95,13.1101
50,5,write,267,61097.95,4.3700
50,6,strong-read,1578,61117.85,25.8190
50,6,weak-read,789,61117.85,12.9095
50,6,write,263,61117.85,4.3032
50,7,strong-read,1584,61126.66,25.9134
50,7,weak-read,792,61126.66,12.9567
50,7,write,264,61126.66,4.3189
50,8,strong-read,1590,61128.35,26.0108
50,8,weak-read,795,61128.35,13.0054
50,8,write,265,61128.35,4.3351
50,9,strong-read,1608,61134.35,26.3027
50,9,weak-read,804,61134.35,13.1514
50,9,write,268,61134.35,4.3838
50,10,strong-read,1602,61177.00,26.1863
50,10,weak-read,801,61177.00,13.0932
50,10,write,267,61177.00,4.3644
50,11,strong-read,1608,61177.80,26.2840
50,11,weak-read,804,61177.80,13.1420
50,11,write,268,61177.80,4.3807
50,12,strong-read,1590,61185.36,25.9866
50,12,weak-read,795,61185.36,12.9933
50,12,write,265,61185.36,4.3311
50,13,strong-read,1602,61186.39,26.1823
50,13,weak-read,801,61186.39,13.0911
50,13,write,267,61186.39,4.3637
50,14,strong-read,1620,61184.82,26.4772
50,14,weak-read,810,61184.82,13.2386
50,14,write,270,61184.82,4.4129
50,15,strong-read,1608,61177.28,26.2843
50,15,weak-read,804,61177.28,13.1421
50,15,write,268,61177.28,4.3807
50,16,strong-read,1596,61201.72,26.0777
50,16,weak-read,798,61201.72,13.0388
50,16,write,266,61201.72,4.3463
50,17,strong-read,1596,61192.77,26.0815
50,17,weak-read,798,61192.77,13.0408
50,17,write,266,61192.77,4.3469
50,18,strong-read,1590,61200.81,25.9800
50,18,weak-read,795,61200.81,12.9900
50,18,write,265,61200.81,4.3300
50,19,strong-read,1626,61206.65,26.5657
50,19,weak-read,813,61206.65,13.2829
50,19,write,271,61206.65,4.4276
50,20,strong-read,1608,61203.95,26.2728
50,20,weak-read,804,61203.95,13.1364
50,20,write,268,61203.95,4.3788
50,21,strong-read,1584,61220.62,25.8736
50,21,weak-read,792,61220.62,12.9368
50,21,write,264,61220.62,4.3123
50,22,strong-read,1614,61225.39,26.3616
50,22,weak-read,807,61225.39,13.1808
50,22,write,269,61225.39,4.3936
50,23,strong-read,1590,61235.19,25.9655
50,23,weak-read,795,61235.19,12.9827
50,23,write,265,61235.19,4.3276
50,24,strong-read,1584,61234.47,25.8678
50,24,weak-read,792,61234.47,12.9339
50,24,write,264,61234.47,4.3113
50,25,strong-read,1572,61238.55,25.6701
50,25,weak-read,786,61238.55,12.8351
50,25,write,262,61238.55,4.2784
50,26,strong-read,1602,61247.66,26.1561
50,26,weak-read,801,61247.66,13.0780
50,26,write,267,61247.66,4.3593
50,27,strong-read,1608,61239.42,26.2576
50,27,weak-read,804,61239.42,13.1288
50,27,write,268,61239.42,4.3763
50,28,strong-read,1572,61238.08,25.6703
50,28,weak-read,786,61238.08,12.8352
50,28,write,262,61238.08,4.2784
50,29,strong-read,1608,61240.31,26.2572
50,29,weak-read,804,61240.31,13.1286
50,29,write,268,61240.31,4.3762
50,30,strong-read,1590,61246.64,25.9606
50,30,weak-read,795,61246.64,12.9803
50,30,write,265,61246.64,4.3268
50,31,strong-read,1620,61257.45,26.4458
50,31,weak-read,810,61257.45,13.2229
50,31,write,270,61257.45,4.4076
50,32,strong-read,1608,61246.17,26.2547
50,32,weak-read,804,61246.17,13.1274
50,32,write,268,61246.17,4.3758
50,33,strong-read,1590,61261.69,25.9542
50,33,weak-read,795,61261.69,12.9771
50,33,write,265,61261.69,4.3257
50,34,strong-read,1614,61256.34,26.3483
50,34,weak-read,807,61256.34,13.1741
50,34,write,269,61256.34,4.3914
50,35,strong-read,1596,61266.93,26.0499
50,35,weak-read,798,61266.93,13.0250
50,35,write,266,61266.93,4.3417
50,36,strong-read,1626,61271.81,26.5375
50,36,weak-read,813,61271.81,13.2687
50,36,write,271,61271.81,4.4229
50,37,strong-read,1596,61265.09,26.0507
50,37,weak-read,798,61265.09,13.0254
50,37,write,266,61265.09,4.3418
50,38,strong-read,1578,61273.98,25.7532
50,38,weak-read,789,61273.98,12.8766
50,38,write,263,61273.98,4.2922
50,39,strong-read,1608,61267.59,26.2455
50,39,weak-read,804,61267.59,13.1228
50,39,write,268,61267.59,4.3743
50,40,strong-read,1632,61282.03,26.6310
50,40,weak-read,816,61282.03,13.3155
50,40,write,272,61282.03,4.4385
50,41,strong-read,1572,61293.38,25.6471
50,41,weak-read,786,61293.38,12.8236
50,41,write,262,61293.38,4.2745
50,42,strong-read,1596,61299.08,26.0363
50,42,weak-read,798,61299.08,13.0181
50,42,write,266,61299.08,4.3394
50,43,strong-read,1596,61300.05,26.0359
50,43,weak-read,798,61300.05,13.0179
50,43,write,266,61300.05,4.3393
50,44,strong-read,1596,61303.88,26.0342
50,44,weak-read,798,61303.88,13.0171
50,44,write,266,61303.88,4.3390
50,45,strong-read,1572,61318.84,25.6365
50,45,weak-read,786,61318.84,12.8182
50,45,write,262,61318.84,4.2727
50,46,strong-read,1602,61302.92,26.1325
50,46,weak-read,801,61302.92,13.0663
50,46,write,267,61302.92,4.3554
50,47,strong-read,1584,61328.03,25.8283
50,47,weak-read,792,61328.03,12.9142
50,47,write,264,61328.03,4.3047
50,48,strong-read,1596,61335.65,26.0208
50,48,weak-read,798,61335.65,13.0104
50,48,write,266,61335.65,4.3368
50,49,strong-read,1608,61374.65,26.1997
50,49,weak-read,804,61374.65,13.0999
50,49,write,268,61374.65,4.3666
